[{"model": "admin.logentry", "pk": 1, "fields": {"action_time": "2023-09-22T14:29:41.621Z", "user": 1, "content_type": 29, "object_id": "20", "object_repr": "Lincoln Navigator Navigator", "action_flag": 2, "change_message": "[{\"changed\": {\"fields\": [\"Customer\"]}}]"}}, {"model": "admin.logentry", "pk": 2, "fields": {"action_time": "2023-09-22T14:29:57.404Z", "user": 1, "content_type": 33, "object_id": "20", "object_repr": "Lincoln Navigator Navigator Completed", "action_flag": 2, "change_message": "[{\"changed\": {\"fields\": [\"Customer id\"]}}]"}}, {"model": "admin.logentry", "pk": 3, "fields": {"action_time": "2023-09-22T14:30:15.908Z", "user": 1, "content_type": 34, "object_id": "20", "object_repr": "Reliable Repairs Lincoln Navigator Navigator", "action_flag": 2, "change_message": "[{\"changed\": {\"fields\": [\"Customer id\"]}}]"}}, {"model": "admin.logentry", "pk": 4, "fields": {"action_time": "2023-09-22T14:43:05.222Z", "user": 1, "content_type": 7, "object_id": "2023091920", "object_repr": "Ferdinand Cruz", "action_flag": 2, "change_message": "[{\"changed\": {\"fields\": [\"Phone\"]}}]"}}, {"model": "auth.permission", "pk": 1, "fields": {"name": "Can add log entry", "content_type": 1, "codename": "add_logentry"}}, {"model": "auth.permission", "pk": 2, "fields": {"name": "Can change log entry", "content_type": 1, "codename": "change_logentry"}}, {"model": "auth.permission", "pk": 3, "fields": {"name": "Can delete log entry", "content_type": 1, "codename": "delete_logentry"}}, {"model": "auth.permission", "pk": 4, "fields": {"name": "Can view log entry", "content_type": 1, "codename": "view_logentry"}}, {"model": "auth.permission", "pk": 5, "fields": {"name": "Can add permission", "content_type": 2, "codename": "add_permission"}}, {"model": "auth.permission", "pk": 6, "fields": {"name": "Can change permission", "content_type": 2, "codename": "change_permission"}}, {"model": "auth.permission", "pk": 7, "fields": {"name": "Can delete permission", "content_type": 2, "codename": "delete_permission"}}, {"model": "auth.permission", "pk": 8, "fields": {"name": "Can view permission", "content_type": 2, "codename": "view_permission"}}, {"model": "auth.permission", "pk": 9, "fields": {"name": "Can add group", "content_type": 3, "codename": "add_group"}}, {"model": "auth.permission", "pk": 10, "fields": {"name": "Can change group", "content_type": 3, "codename": "change_group"}}, {"model": "auth.permission", "pk": 11, "fields": {"name": "Can delete group", "content_type": 3, "codename": "delete_group"}}, {"model": "auth.permission", "pk": 12, "fields": {"name": "Can view group", "content_type": 3, "codename": "view_group"}}, {"model": "auth.permission", "pk": 13, "fields": {"name": "Can add user", "content_type": 4, "codename": "add_user"}}, {"model": "auth.permission", "pk": 14, "fields": {"name": "Can change user", "content_type": 4, "codename": "change_user"}}, {"model": "auth.permission", "pk": 15, "fields": {"name": "Can delete user", "content_type": 4, "codename": "delete_user"}}, {"model": "auth.permission", "pk": 16, "fields": {"name": "Can view user", "content_type": 4, "codename": "view_user"}}, {"model": "auth.permission", "pk": 17, "fields": {"name": "Can add content type", "content_type": 5, "codename": "add_contenttype"}}, {"model": "auth.permission", "pk": 18, "fields": {"name": "Can change content type", "content_type": 5, "codename": "change_contenttype"}}, {"model": "auth.permission", "pk": 19, "fields": {"name": "Can delete content type", "content_type": 5, "codename": "delete_contenttype"}}, {"model": "auth.permission", "pk": 20, "fields": {"name": "Can view content type", "content_type": 5, "codename": "view_contenttype"}}, {"model": "auth.permission", "pk": 21, "fields": {"name": "Can add session", "content_type": 6, "codename": "add_session"}}, {"model": "auth.permission", "pk": 22, "fields": {"name": "Can change session", "content_type": 6, "codename": "change_session"}}, {"model": "auth.permission", "pk": 23, "fields": {"name": "Can delete session", "content_type": 6, "codename": "delete_session"}}, {"model": "auth.permission", "pk": 24, "fields": {"name": "Can view session", "content_type": 6, "codename": "view_session"}}, {"model": "auth.permission", "pk": 25, "fields": {"name": "Can add accountant", "content_type": 7, "codename": "add_accountant"}}, {"model": "auth.permission", "pk": 26, "fields": {"name": "Can change accountant", "content_type": 7, "codename": "change_accountant"}}, {"model": "auth.permission", "pk": 27, "fields": {"name": "Can delete accountant", "content_type": 7, "codename": "delete_accountant"}}, {"model": "auth.permission", "pk": 28, "fields": {"name": "Can view accountant", "content_type": 7, "codename": "view_accountant"}}, {"model": "auth.permission", "pk": 29, "fields": {"name": "Can add admin", "content_type": 8, "codename": "add_admin"}}, {"model": "auth.permission", "pk": 30, "fields": {"name": "Can change admin", "content_type": 8, "codename": "change_admin"}}, {"model": "auth.permission", "pk": 31, "fields": {"name": "Can delete admin", "content_type": 8, "codename": "delete_admin"}}, {"model": "auth.permission", "pk": 32, "fields": {"name": "Can view admin", "content_type": 8, "codename": "view_admin"}}, {"model": "auth.permission", "pk": 33, "fields": {"name": "Can add customer", "content_type": 9, "codename": "add_customer"}}, {"model": "auth.permission", "pk": 34, "fields": {"name": "Can change customer", "content_type": 9, "codename": "change_customer"}}, {"model": "auth.permission", "pk": 35, "fields": {"name": "Can delete customer", "content_type": 9, "codename": "delete_customer"}}, {"model": "auth.permission", "pk": 36, "fields": {"name": "Can view customer", "content_type": 9, "codename": "view_customer"}}, {"model": "auth.permission", "pk": 37, "fields": {"name": "Can add marketing", "content_type": 10, "codename": "add_marketing"}}, {"model": "auth.permission", "pk": 38, "fields": {"name": "Can change marketing", "content_type": 10, "codename": "change_marketing"}}, {"model": "auth.permission", "pk": 39, "fields": {"name": "Can delete marketing", "content_type": 10, "codename": "delete_marketing"}}, {"model": "auth.permission", "pk": 40, "fields": {"name": "Can view marketing", "content_type": 10, "codename": "view_marketing"}}, {"model": "auth.permission", "pk": 41, "fields": {"name": "Can add mechanic", "content_type": 11, "codename": "add_mechanic"}}, {"model": "auth.permission", "pk": 42, "fields": {"name": "Can change mechanic", "content_type": 11, "codename": "change_mechanic"}}, {"model": "auth.permission", "pk": 43, "fields": {"name": "Can delete mechanic", "content_type": 11, "codename": "delete_mechanic"}}, {"model": "auth.permission", "pk": 44, "fields": {"name": "Can view mechanic", "content_type": 11, "codename": "view_mechanic"}}, {"model": "auth.permission", "pk": 45, "fields": {"name": "Can add towing provider", "content_type": 12, "codename": "add_towingprovider"}}, {"model": "auth.permission", "pk": 46, "fields": {"name": "Can change towing provider", "content_type": 12, "codename": "change_towingprovider"}}, {"model": "auth.permission", "pk": 47, "fields": {"name": "Can delete towing provider", "content_type": 12, "codename": "delete_towingprovider"}}, {"model": "auth.permission", "pk": 48, "fields": {"name": "Can view towing provider", "content_type": 12, "codename": "view_towingprovider"}}, {"model": "auth.permission", "pk": 49, "fields": {"name": "Can add brake system fault", "content_type": 13, "codename": "add_brakesystemfault"}}, {"model": "auth.permission", "pk": 50, "fields": {"name": "Can change brake system fault", "content_type": 13, "codename": "change_brakesystemfault"}}, {"model": "auth.permission", "pk": 51, "fields": {"name": "Can delete brake system fault", "content_type": 13, "codename": "delete_brakesystemfault"}}, {"model": "auth.permission", "pk": 52, "fields": {"name": "Can view brake system fault", "content_type": 13, "codename": "view_brakesystemfault"}}, {"model": "auth.permission", "pk": 53, "fields": {"name": "Can add coupling device fault", "content_type": 14, "codename": "add_couplingdevicefault"}}, {"model": "auth.permission", "pk": 54, "fields": {"name": "Can change coupling device fault", "content_type": 14, "codename": "change_couplingdevicefault"}}, {"model": "auth.permission", "pk": 55, "fields": {"name": "Can delete coupling device fault", "content_type": 14, "codename": "delete_couplingdevicefault"}}, {"model": "auth.permission", "pk": 56, "fields": {"name": "Can view coupling device fault", "content_type": 14, "codename": "view_couplingdevicefault"}}, {"model": "auth.permission", "pk": 57, "fields": {"name": "Can add engine operation fault", "content_type": 15, "codename": "add_engineoperationfault"}}, {"model": "auth.permission", "pk": 58, "fields": {"name": "Can change engine operation fault", "content_type": 15, "codename": "change_engineoperationfault"}}, {"model": "auth.permission", "pk": 59, "fields": {"name": "Can delete engine operation fault", "content_type": 15, "codename": "delete_engineoperationfault"}}, {"model": "auth.permission", "pk": 60, "fields": {"name": "Can view engine operation fault", "content_type": 15, "codename": "view_engineoperationfault"}}, {"model": "auth.permission", "pk": 61, "fields": {"name": "Can add exhaust system fault", "content_type": 16, "codename": "add_exhaustsystemfault"}}, {"model": "auth.permission", "pk": 62, "fields": {"name": "Can change exhaust system fault", "content_type": 16, "codename": "change_exhaustsystemfault"}}, {"model": "auth.permission", "pk": 63, "fields": {"name": "Can delete exhaust system fault", "content_type": 16, "codename": "delete_exhaustsystemfault"}}, {"model": "auth.permission", "pk": 64, "fields": {"name": "Can view exhaust system fault", "content_type": 16, "codename": "view_exhaustsystemfault"}}, {"model": "auth.permission", "pk": 65, "fields": {"name": "Can add fuel system fault", "content_type": 17, "codename": "add_fuelsystemfault"}}, {"model": "auth.permission", "pk": 66, "fields": {"name": "Can change fuel system fault", "content_type": 17, "codename": "change_fuelsystemfault"}}, {"model": "auth.permission", "pk": 67, "fields": {"name": "Can delete fuel system fault", "content_type": 17, "codename": "delete_fuelsystemfault"}}, {"model": "auth.permission", "pk": 68, "fields": {"name": "Can view fuel system fault", "content_type": 17, "codename": "view_fuelsystemfault"}}, {"model": "auth.permission", "pk": 69, "fields": {"name": "Can add lighting devices fault", "content_type": 18, "codename": "add_lightingdevicesfault"}}, {"model": "auth.permission", "pk": 70, "fields": {"name": "Can change lighting devices fault", "content_type": 18, "codename": "change_lightingdevicesfault"}}, {"model": "auth.permission", "pk": 71, "fields": {"name": "Can delete lighting devices fault", "content_type": 18, "codename": "delete_lightingdevicesfault"}}, {"model": "auth.permission", "pk": 72, "fields": {"name": "Can view lighting devices fault", "content_type": 18, "codename": "view_lightingdevicesfault"}}, {"model": "auth.permission", "pk": 73, "fields": {"name": "Can add miscellaneous fault", "content_type": 19, "codename": "add_miscellaneousfault"}}, {"model": "auth.permission", "pk": 74, "fields": {"name": "Can change miscellaneous fault", "content_type": 19, "codename": "change_miscellaneousfault"}}, {"model": "auth.permission", "pk": 75, "fields": {"name": "Can delete miscellaneous fault", "content_type": 19, "codename": "delete_miscellaneousfault"}}, {"model": "auth.permission", "pk": 76, "fields": {"name": "Can view miscellaneous fault", "content_type": 19, "codename": "view_miscellaneousfault"}}, {"model": "auth.permission", "pk": 77, "fields": {"name": "Can add safety equipment fault", "content_type": 20, "codename": "add_safetyequipmentfault"}}, {"model": "auth.permission", "pk": 78, "fields": {"name": "Can change safety equipment fault", "content_type": 20, "codename": "change_safetyequipmentfault"}}, {"model": "auth.permission", "pk": 79, "fields": {"name": "Can delete safety equipment fault", "content_type": 20, "codename": "delete_safetyequipmentfault"}}, {"model": "auth.permission", "pk": 80, "fields": {"name": "Can view safety equipment fault", "content_type": 20, "codename": "view_safetyequipmentfault"}}, {"model": "auth.permission", "pk": 81, "fields": {"name": "Can add steering mechanism fault", "content_type": 21, "codename": "add_steeringmechanismfault"}}, {"model": "auth.permission", "pk": 82, "fields": {"name": "Can change steering mechanism fault", "content_type": 21, "codename": "change_steeringmechanismfault"}}, {"model": "auth.permission", "pk": 83, "fields": {"name": "Can delete steering mechanism fault", "content_type": 21, "codename": "delete_steeringmechanismfault"}}, {"model": "auth.permission", "pk": 84, "fields": {"name": "Can view steering mechanism fault", "content_type": 21, "codename": "view_steeringmechanismfault"}}, {"model": "auth.permission", "pk": 85, "fields": {"name": "Can add suspension fault", "content_type": 22, "codename": "add_suspensionfault"}}, {"model": "auth.permission", "pk": 86, "fields": {"name": "Can change suspension fault", "content_type": 22, "codename": "change_suspensionfault"}}, {"model": "auth.permission", "pk": 87, "fields": {"name": "Can delete suspension fault", "content_type": 22, "codename": "delete_suspensionfault"}}, {"model": "auth.permission", "pk": 88, "fields": {"name": "Can view suspension fault", "content_type": 22, "codename": "view_suspensionfault"}}, {"model": "auth.permission", "pk": 89, "fields": {"name": "Can add tires fault", "content_type": 23, "codename": "add_tiresfault"}}, {"model": "auth.permission", "pk": 90, "fields": {"name": "Can change tires fault", "content_type": 23, "codename": "change_tiresfault"}}, {"model": "auth.permission", "pk": 91, "fields": {"name": "Can delete tires fault", "content_type": 23, "codename": "delete_tiresfault"}}, {"model": "auth.permission", "pk": 92, "fields": {"name": "Can view tires fault", "content_type": 23, "codename": "view_tiresfault"}}, {"model": "auth.permission", "pk": 93, "fields": {"name": "Can add wheel fault", "content_type": 24, "codename": "add_wheelfault"}}, {"model": "auth.permission", "pk": 94, "fields": {"name": "Can change wheel fault", "content_type": 24, "codename": "change_wheelfault"}}, {"model": "auth.permission", "pk": 95, "fields": {"name": "Can delete wheel fault", "content_type": 24, "codename": "delete_wheelfault"}}, {"model": "auth.permission", "pk": 96, "fields": {"name": "Can view wheel fault", "content_type": 24, "codename": "view_wheelfault"}}, {"model": "auth.permission", "pk": 97, "fields": {"name": "Can add wind shield fault", "content_type": 25, "codename": "add_windshieldfault"}}, {"model": "auth.permission", "pk": 98, "fields": {"name": "Can change wind shield fault", "content_type": 25, "codename": "change_windshieldfault"}}, {"model": "auth.permission", "pk": 99, "fields": {"name": "Can delete wind shield fault", "content_type": 25, "codename": "delete_windshieldfault"}}, {"model": "auth.permission", "pk": 100, "fields": {"name": "Can view wind shield fault", "content_type": 25, "codename": "view_windshieldfault"}}, {"model": "auth.permission", "pk": 101, "fields": {"name": "Can add vehicle fault", "content_type": 26, "codename": "add_vehiclefault"}}, {"model": "auth.permission", "pk": 102, "fields": {"name": "Can change vehicle fault", "content_type": 26, "codename": "change_vehiclefault"}}, {"model": "auth.permission", "pk": 103, "fields": {"name": "Can delete vehicle fault", "content_type": 26, "codename": "delete_vehiclefault"}}, {"model": "auth.permission", "pk": 104, "fields": {"name": "Can view vehicle fault", "content_type": 26, "codename": "view_vehiclefault"}}, {"model": "auth.permission", "pk": 105, "fields": {"name": "Can add reservation", "content_type": 27, "codename": "add_reservation"}}, {"model": "auth.permission", "pk": 106, "fields": {"name": "Can change reservation", "content_type": 27, "codename": "change_reservation"}}, {"model": "auth.permission", "pk": 107, "fields": {"name": "Can delete reservation", "content_type": 27, "codename": "delete_reservation"}}, {"model": "auth.permission", "pk": 108, "fields": {"name": "Can view reservation", "content_type": 27, "codename": "view_reservation"}}, {"model": "auth.permission", "pk": 109, "fields": {"name": "Can add inspection", "content_type": 28, "codename": "add_inspection"}}, {"model": "auth.permission", "pk": 110, "fields": {"name": "Can change inspection", "content_type": 28, "codename": "change_inspection"}}, {"model": "auth.permission", "pk": 111, "fields": {"name": "Can delete inspection", "content_type": 28, "codename": "delete_inspection"}}, {"model": "auth.permission", "pk": 112, "fields": {"name": "Can view inspection", "content_type": 28, "codename": "view_inspection"}}, {"model": "auth.permission", "pk": 113, "fields": {"name": "Can add vehicle", "content_type": 29, "codename": "add_vehicle"}}, {"model": "auth.permission", "pk": 114, "fields": {"name": "Can change vehicle", "content_type": 29, "codename": "change_vehicle"}}, {"model": "auth.permission", "pk": 115, "fields": {"name": "Can delete vehicle", "content_type": 29, "codename": "delete_vehicle"}}, {"model": "auth.permission", "pk": 116, "fields": {"name": "Can view vehicle", "content_type": 29, "codename": "view_vehicle"}}, {"model": "auth.permission", "pk": 117, "fields": {"name": "Can add towing request", "content_type": 30, "codename": "add_towingrequest"}}, {"model": "auth.permission", "pk": 118, "fields": {"name": "Can change towing request", "content_type": 30, "codename": "change_towingrequest"}}, {"model": "auth.permission", "pk": 119, "fields": {"name": "Can delete towing request", "content_type": 30, "codename": "delete_towingrequest"}}, {"model": "auth.permission", "pk": 120, "fields": {"name": "Can view towing request", "content_type": 30, "codename": "view_towingrequest"}}, {"model": "auth.permission", "pk": 121, "fields": {"name": "Can add payment", "content_type": 31, "codename": "add_payment"}}, {"model": "auth.permission", "pk": 122, "fields": {"name": "Can change payment", "content_type": 31, "codename": "change_payment"}}, {"model": "auth.permission", "pk": 123, "fields": {"name": "Can delete payment", "content_type": 31, "codename": "delete_payment"}}, {"model": "auth.permission", "pk": 124, "fields": {"name": "Can view payment", "content_type": 31, "codename": "view_payment"}}, {"model": "auth.permission", "pk": 125, "fields": {"name": "Can add invoice", "content_type": 32, "codename": "add_invoice"}}, {"model": "auth.permission", "pk": 126, "fields": {"name": "Can change invoice", "content_type": 32, "codename": "change_invoice"}}, {"model": "auth.permission", "pk": 127, "fields": {"name": "Can delete invoice", "content_type": 32, "codename": "delete_invoice"}}, {"model": "auth.permission", "pk": 128, "fields": {"name": "Can view invoice", "content_type": 32, "codename": "view_invoice"}}, {"model": "auth.permission", "pk": 129, "fields": {"name": "Can add service report", "content_type": 33, "codename": "add_servicereport"}}, {"model": "auth.permission", "pk": 130, "fields": {"name": "Can change service report", "content_type": 33, "codename": "change_servicereport"}}, {"model": "auth.permission", "pk": 131, "fields": {"name": "Can delete service report", "content_type": 33, "codename": "delete_servicereport"}}, {"model": "auth.permission", "pk": 132, "fields": {"name": "Can view service report", "content_type": 33, "codename": "view_servicereport"}}, {"model": "auth.permission", "pk": 133, "fields": {"name": "Can add customer review", "content_type": 34, "codename": "add_customerreview"}}, {"model": "auth.permission", "pk": 134, "fields": {"name": "Can change customer review", "content_type": 34, "codename": "change_customerreview"}}, {"model": "auth.permission", "pk": 135, "fields": {"name": "Can delete customer review", "content_type": 34, "codename": "delete_customerreview"}}, {"model": "auth.permission", "pk": 136, "fields": {"name": "Can view customer review", "content_type": 34, "codename": "view_customerreview"}}, {"model": "auth.permission", "pk": 137, "fields": {"name": "Can add billing", "content_type": 35, "codename": "add_billing"}}, {"model": "auth.permission", "pk": 138, "fields": {"name": "Can change billing", "content_type": 35, "codename": "change_billing"}}, {"model": "auth.permission", "pk": 139, "fields": {"name": "Can delete billing", "content_type": 35, "codename": "delete_billing"}}, {"model": "auth.permission", "pk": 140, "fields": {"name": "Can view billing", "content_type": 35, "codename": "view_billing"}}, {"model": "auth.permission", "pk": 141, "fields": {"name": "Can add report", "content_type": 36, "codename": "add_report"}}, {"model": "auth.permission", "pk": 142, "fields": {"name": "Can change report", "content_type": 36, "codename": "change_report"}}, {"model": "auth.permission", "pk": 143, "fields": {"name": "Can delete report", "content_type": 36, "codename": "delete_report"}}, {"model": "auth.permission", "pk": 144, "fields": {"name": "Can view report", "content_type": 36, "codename": "view_report"}}, {"model": "auth.permission", "pk": 145, "fields": {"name": "Can add category", "content_type": 37, "codename": "add_category"}}, {"model": "auth.permission", "pk": 146, "fields": {"name": "Can change category", "content_type": 37, "codename": "change_category"}}, {"model": "auth.permission", "pk": 147, "fields": {"name": "Can delete category", "content_type": 37, "codename": "delete_category"}}, {"model": "auth.permission", "pk": 148, "fields": {"name": "Can view category", "content_type": 37, "codename": "view_category"}}, {"model": "auth.permission", "pk": 149, "fields": {"name": "Can add order product", "content_type": 38, "codename": "add_orderproduct"}}, {"model": "auth.permission", "pk": 150, "fields": {"name": "Can change order product", "content_type": 38, "codename": "change_orderproduct"}}, {"model": "auth.permission", "pk": 151, "fields": {"name": "Can delete order product", "content_type": 38, "codename": "delete_orderproduct"}}, {"model": "auth.permission", "pk": 152, "fields": {"name": "Can view order product", "content_type": 38, "codename": "view_orderproduct"}}, {"model": "auth.permission", "pk": 153, "fields": {"name": "Can add product", "content_type": 39, "codename": "add_product"}}, {"model": "auth.permission", "pk": 154, "fields": {"name": "Can change product", "content_type": 39, "codename": "change_product"}}, {"model": "auth.permission", "pk": 155, "fields": {"name": "Can delete product", "content_type": 39, "codename": "delete_product"}}, {"model": "auth.permission", "pk": 156, "fields": {"name": "Can view product", "content_type": 39, "codename": "view_product"}}, {"model": "auth.permission", "pk": 157, "fields": {"name": "Can add order", "content_type": 40, "codename": "add_order"}}, {"model": "auth.permission", "pk": 158, "fields": {"name": "Can change order", "content_type": 40, "codename": "change_order"}}, {"model": "auth.permission", "pk": 159, "fields": {"name": "Can delete order", "content_type": 40, "codename": "delete_order"}}, {"model": "auth.permission", "pk": 160, "fields": {"name": "Can view order", "content_type": 40, "codename": "view_order"}}, {"model": "auth.user", "pk": 1, "fields": {"password": "pbkdf2_sha256$600000$3UluLemvZLWYhl5je82wOq$WTKi10OHXHJ2e/ILNVC5rRRZJjazdntYplQcQWx00no=", "last_login": "2023-09-22T12:08:34.599Z", "is_superuser": true, "username": "admin", "first_name": "", "last_name": "", "email": "", "is_staff": true, "is_active": true, "date_joined": "2023-09-22T12:08:12.427Z", "groups": [], "user_permissions": []}}, {"model": "contenttypes.contenttype", "pk": 1, "fields": {"app_label": "admin", "model": "logentry"}}, {"model": "contenttypes.contenttype", "pk": 2, "fields": {"app_label": "auth", "model": "permission"}}, {"model": "contenttypes.contenttype", "pk": 3, "fields": {"app_label": "auth", "model": "group"}}, {"model": "contenttypes.contenttype", "pk": 4, "fields": {"app_label": "auth", "model": "user"}}, {"model": "contenttypes.contenttype", "pk": 5, "fields": {"app_label": "contenttypes", "model": "contenttype"}}, {"model": "contenttypes.contenttype", "pk": 6, "fields": {"app_label": "sessions", "model": "session"}}, {"model": "contenttypes.contenttype", "pk": 7, "fields": {"app_label": "account", "model": "accountant"}}, {"model": "contenttypes.contenttype", "pk": 8, "fields": {"app_label": "account", "model": "admin"}}, {"model": "contenttypes.contenttype", "pk": 9, "fields": {"app_label": "account", "model": "customer"}}, {"model": "contenttypes.contenttype", "pk": 10, "fields": {"app_label": "account", "model": "marketing"}}, {"model": "contenttypes.contenttype", "pk": 11, "fields": {"app_label": "account", "model": "mechanic"}}, {"model": "contenttypes.contenttype", "pk": 12, "fields": {"app_label": "account", "model": "towingprovider"}}, {"model": "contenttypes.contenttype", "pk": 13, "fields": {"app_label": "reservation", "model": "brakesystemfault"}}, {"model": "contenttypes.contenttype", "pk": 14, "fields": {"app_label": "reservation", "model": "couplingdevicefault"}}, {"model": "contenttypes.contenttype", "pk": 15, "fields": {"app_label": "reservation", "model": "engineoperationfault"}}, {"model": "contenttypes.contenttype", "pk": 16, "fields": {"app_label": "reservation", "model": "exhaustsystemfault"}}, {"model": "contenttypes.contenttype", "pk": 17, "fields": {"app_label": "reservation", "model": "fuelsystemfault"}}, {"model": "contenttypes.contenttype", "pk": 18, "fields": {"app_label": "reservation", "model": "lightingdevicesfault"}}, {"model": "contenttypes.contenttype", "pk": 19, "fields": {"app_label": "reservation", "model": "miscellaneousfault"}}, {"model": "contenttypes.contenttype", "pk": 20, "fields": {"app_label": "reservation", "model": "safetyequipmentfault"}}, {"model": "contenttypes.contenttype", "pk": 21, "fields": {"app_label": "reservation", "model": "steeringmechanismfault"}}, {"model": "contenttypes.contenttype", "pk": 22, "fields": {"app_label": "reservation", "model": "suspensionfault"}}, {"model": "contenttypes.contenttype", "pk": 23, "fields": {"app_label": "reservation", "model": "tiresfault"}}, {"model": "contenttypes.contenttype", "pk": 24, "fields": {"app_label": "reservation", "model": "wheelfault"}}, {"model": "contenttypes.contenttype", "pk": 25, "fields": {"app_label": "reservation", "model": "windshieldfault"}}, {"model": "contenttypes.contenttype", "pk": 26, "fields": {"app_label": "reservation", "model": "vehiclefault"}}, {"model": "contenttypes.contenttype", "pk": 27, "fields": {"app_label": "reservation", "model": "reservation"}}, {"model": "contenttypes.contenttype", "pk": 28, "fields": {"app_label": "reservation", "model": "inspection"}}, {"model": "contenttypes.contenttype", "pk": 29, "fields": {"app_label": "vehicle", "model": "vehicle"}}, {"model": "contenttypes.contenttype", "pk": 30, "fields": {"app_label": "towing", "model": "towingrequest"}}, {"model": "contenttypes.contenttype", "pk": 31, "fields": {"app_label": "payment", "model": "payment"}}, {"model": "contenttypes.contenttype", "pk": 32, "fields": {"app_label": "payment", "model": "invoice"}}, {"model": "contenttypes.contenttype", "pk": 33, "fields": {"app_label": "vehicle", "model": "servicereport"}}, {"model": "contenttypes.contenttype", "pk": 34, "fields": {"app_label": "vehicle", "model": "customerreview"}}, {"model": "contenttypes.contenttype", "pk": 35, "fields": {"app_label": "account", "model": "billing"}}, {"model": "contenttypes.contenttype", "pk": 36, "fields": {"app_label": "inventory", "model": "report"}}, {"model": "contenttypes.contenttype", "pk": 37, "fields": {"app_label": "inventory", "model": "category"}}, {"model": "contenttypes.contenttype", "pk": 38, "fields": {"app_label": "inventory", "model": "orderproduct"}}, {"model": "contenttypes.contenttype", "pk": 39, "fields": {"app_label": "inventory", "model": "product"}}, {"model": "contenttypes.contenttype", "pk": 40, "fields": {"app_label": "inventory", "model": "order"}}, {"model": "sessions.session", "pk": "2gsll9k9u1tk0hma53x7dm70jh5c8zvt", "fields": {"session_data": ".eJxVjEEOwiAQRe_C2pBSmQFcuu8ZyDBDbdVAUtqV8e7apAvd_vfef6lI2zrFreUlzqIuyqjT75aIH7nsQO5UblVzLesyJ70r-qBND1Xy83q4fwcTtelbewvGS-_RWSsBmBI6h0jBUu8BrQ9JnAEH5yBAqbeIDM6M3DF0xKN6fwCwTDb_:1qjexW:3EoYd8MSdrEHAZlH_bsdxLtywdHqHYhIAh9bgnRlO9A", "expire_date": "2023-10-06T12:08:34.602Z"}}, {"model": "account.customer", "pk": 2023091901, "fields": {"first_name": "Juan", "last_name": "Dela Cruz", "email": "juandelacruz@gmail.com", "password": "juandelacruz123", "profile_pic": "", "phone": "09123456789", "address": "Masinop St."}}, {"model": "account.customer", "pk": 2023091902, "fields": {"first_name": "Juana", "last_name": "Dela Paz", "email": "juanadelapaz@gmail.com", "password": "juandelapaz123", "profile_pic": "", "phone": "09234567890", "address": "Coral St."}}, {"model": "account.customer", "pk": 2023091903, "fields": {"first_name": "Boy", "last_name": "Tapang", "email": "boytapang@gmail.com", "password": "boytapang123", "profile_pic": "", "phone": "09345678901", "address": "Rizal St."}}, {"model": "account.customer", "pk": 2023091904, "fields": {"first_name": "Maria", "last_name": "Santos", "email": "mariasantos@gmail.com", "password": "mariasantos123", "profile_pic": "", "phone": "09456789012", "address": "Apolinario St."}}, {"model": "account.customer", "pk": 2023091905, "fields": {"first_name": "Pedro", "last_name": "Garcia", "email": "pedrogarcia@gmail.com", "password": "pedrogarcia123", "profile_pic": "", "phone": "09567890123", "address": "Luna St."}}, {"model": "account.customer", "pk": 2023091906, "fields": {"first_name": "Rosa", "last_name": "Lopez", "email": "rosalopez@gmail.com", "password": "rosalopez123", "profile_pic": "", "phone": "09678901234", "address": "Mabini St."}}, {"model": "account.customer", "pk": 2023091907, "fields": {"first_name": "Santiago", "last_name": "Reyes", "email": "santiagoreyes@gmail.com", "password": "santiagoreyes123", "profile_pic": "", "phone": "09789012345", "address": "Quirino St."}}, {"model": "account.customer", "pk": 2023091908, "fields": {"first_name": "Luningning", "last_name": "Torres", "email": "luningningtorres@gmail.com", "password": "luningningtorres123", "profile_pic": "", "phone": "09890123456", "address": "Bonifacio St."}}, {"model": "account.customer", "pk": 2023091909, "fields": {"first_name": "Antonio", "last_name": "Fernandez", "email": "antoniofernandez@gmail.com", "password": "antoniofernandez123", "profile_pic": "", "phone": "09901234567", "address": "Roxas St."}}, {"model": "account.customer", "pk": 2023091910, "fields": {"first_name": "Carmen", "last_name": "Mendoza", "email": "carmenmendoza@gmail.com", "password": "carmenmendoza123", "profile_pic": "", "phone": "09112345678", "address": "Ortigas St."}}, {"model": "account.customer", "pk": 2023091911, "fields": {"first_name": "Jose", "last_name": "Lim", "email": "joselim@gmail.com", "password": "joselim123", "profile_pic": "", "phone": "09223456789", "address": "Taft St."}}, {"model": "account.customer", "pk": 2023091912, "fields": {"first_name": "Luzviminda", "last_name": "Cruzat", "email": "luzvimindacruzat@gmail.com", "password": "luzvimindacruzat123", "profile_pic": "", "phone": "09334567890", "address": "Mendiola St."}}, {"model": "account.customer", "pk": 2023091913, "fields": {"first_name": "Francisco", "last_name": "Cruz", "email": "franciscocruz@gmail.com", "password": "franciscocruz123", "profile_pic": "", "phone": "09445678901", "address": "Soler St."}}, {"model": "account.customer", "pk": 2023091914, "fields": {"first_name": "Mariano", "last_name": "Santos", "email": "marianosantos@gmail.com", "password": "marianosantos123", "profile_pic": "", "phone": "09556789012", "address": "Natividad St."}}, {"model": "account.customer", "pk": 2023091915, "fields": {"first_name": "Teresita", "last_name": "Torres", "email": "teresitatorres@gmail.com", "password": "teresitatorres123", "profile_pic": "", "phone": "09667890123", "address": "Crisostomo St."}}, {"model": "account.customer", "pk": 2023091916, "fields": {"first_name": "Felipe", "last_name": "Gonzales", "email": "felipegonzales@gmail.com", "password": "felipegonzales123", "profile_pic": "", "phone": "09778901234", "address": "Padre Faura St."}}, {"model": "account.customer", "pk": 2023091917, "fields": {"first_name": "Lourdes", "last_name": "Reyes", "email": "lourdesreyes@gmail.com", "password": "lourdesreyes123", "profile_pic": "", "phone": "09889012345", "address": "Magsaysay St."}}, {"model": "account.customer", "pk": 2023091918, "fields": {"first_name": "Isidro", "last_name": "Perez", "email": "isidroperez@gmail.com", "password": "isidroperez123", "profile_pic": "", "phone": "09901234567", "address": "Quezon St."}}, {"model": "account.customer", "pk": 2023091919, "fields": {"first_name": "Consuelo", "last_name": "Lim", "email": "consuelolim@gmail.com", "password": "consuelolim123", "profile_pic": "", "phone": "09123456789", "address": "Aguinaldo St."}}, {"model": "account.customer", "pk": 2023091920, "fields": {"first_name": "Ferdinand", "last_name": "Cruz", "email": "ferdinandcruz@gmail.com", "password": "ferdinandcruz123", "profile_pic": "", "phone": "09234567890", "address": "Ongpin St."}}, {"model": "account.customer", "pk": 2023091921, "fields": {"first_name": "Andres", "last_name": "Rizal", "email": "andresrizal@gmail.com", "password": "andresrizal123", "profile_pic": "", "phone": "09345678901", "address": "Cayetano St."}}, {"model": "account.customer", "pk": 2023091922, "fields": {"first_name": "Apolinario", "last_name": "Mabini", "email": "apolinariomabini@gmail.com", "password": "apolinariomabini123", "profile_pic": "", "phone": "09456789012", "address": "Roces St."}}, {"model": "account.customer", "pk": 2023091923, "fields": {"first_name": "Emilio", "last_name": "Aguinaldo", "email": "emilioaguinaldo@gmail.com", "password": "emilioaguinaldo123", "profile_pic": "", "phone": "09567890123", "address": "Tomas Mapua St."}}, {"model": "account.customer", "pk": 2023091924, "fields": {"first_name": "Gregorio", "last_name": "Del Pilar", "email": "gregoriodelpilar@gmail.com", "password": "gregoriodelpilar123", "profile_pic": "", "phone": "09678901234", "address": "Sampaloc St."}}, {"model": "account.admin", "pk": 2023092501, "fields": {"first_name": "Ramon", "last_name": "Mendoza", "email": "ramonmendoza@gmail.com", "password": "ramonmendoza123", "profile_pic": "", "phone": "09123456785", "address": "J. Nakpil St."}}, {"model": "account.admin", "pk": 2023092502, "fields": {"first_name": "Sofia", "last_name": "Gomez", "email": "sofiagomez@gmail.com", "password": "sofiagomez123", "profile_pic": "", "phone": "09123456786", "address": "P. Faura St."}}, {"model": "account.admin", "pk": 2023092503, "fields": {"first_name": "Antonio", "last_name": "Reyes", "email": "antonioreyes@gmail.com", "password": "antonioreyes123", "profile_pic": "", "phone": "09123456787", "address": "A. Flores St."}}, {"model": "account.admin", "pk": 2023092504, "fields": {"first_name": "Lourdes", "last_name": "Lim", "email": "lourdeslim@gmail.com", "password": "lourdeslim123", "profile_pic": "", "phone": "09123456788", "address": "M. Adriatico St."}}, {"model": "account.admin", "pk": 2023092505, "fields": {"first_name": "Eduardo", "last_name": "Tan", "email": "eduardotan@gmail.com", "password": "eduardotan123", "profile_pic": "", "phone": "09123456789", "address": "F. Hidalgo St."}}, {"model": "account.mechanic", "pk": 2023091921, "fields": {"first_name": "Maria", "last_name": "Santos", "email": "mariasantos@gmail.com", "password": "mariasantos123", "profile_pic": "", "phone": "09234567891", "address": "Rizal St."}}, {"model": "account.mechanic", "pk": 2023091922, "fields": {"first_name": "Pedro", "last_name": "Garcia", "email": "pedrogarcia@gmail.com", "password": "pedrogarcia123", "profile_pic": "", "phone": "09345678912", "address": "Coral St."}}, {"model": "account.mechanic", "pk": 2023091923, "fields": {"first_name": "Rosa", "last_name": "Lopez", "email": "rosalopez@gmail.com", "password": "rosalopez123", "profile_pic": "", "phone": "09456789123", "address": "Apolinario St."}}, {"model": "account.mechanic", "pk": 2023091924, "fields": {"first_name": "Santiago", "last_name": "Reyes", "email": "santiagoreyes@gmail.com", "password": "santiagoreyes123", "profile_pic": "", "phone": "09167891234", "address": "Luna St."}}, {"model": "account.mechanic", "pk": 2023091925, "fields": {"first_name": "Luningning", "last_name": "Torres", "email": "luningningtorres@gmail.com", "password": "luningningtorres123", "profile_pic": "", "phone": "09278912345", "address": "Mabini St."}}, {"model": "account.mechanic", "pk": 2023091926, "fields": {"first_name": "Antonio", "last_name": "Fernandez", "email": "antoniofernandez@gmail.com", "password": "antoniofernandez123", "profile_pic": "", "phone": "09389123456", "address": "Quirino St."}}, {"model": "account.mechanic", "pk": 2023091927, "fields": {"first_name": "Carmen", "last_name": "Mendoza", "email": "carmenmendoza@gmail.com", "password": "carmenmendoza123", "profile_pic": "", "phone": "09491234567", "address": "Bonifacio St."}}, {"model": "account.mechanic", "pk": 2023091928, "fields": {"first_name": "Jose", "last_name": "Lim", "email": "joselim@gmail.com", "password": "joselim123", "profile_pic": "", "phone": "09512345678", "address": "Roxas St."}}, {"model": "account.mechanic", "pk": 2023091929, "fields": {"first_name": "Luzviminda", "last_name": "Cruzat", "email": "luzvimindacruzat@gmail.com", "password": "luzvimindacruzat123", "profile_pic": "", "phone": "09623456789", "address": "Ortigas St."}}, {"model": "account.mechanic", "pk": 2023091930, "fields": {"first_name": "Francisco", "last_name": "Cruz", "email": "franciscocruz@gmail.com", "password": "franciscocruz123", "profile_pic": "", "phone": "09734567890", "address": "Taft St."}}, {"model": "account.mechanic", "pk": 2023091931, "fields": {"first_name": "Mariano", "last_name": "Santos", "email": "marianosantos@gmail.com", "password": "marianosantos123", "profile_pic": "", "phone": "09845678901", "address": "Paterno St."}}, {"model": "account.mechanic", "pk": 2023091932, "fields": {"first_name": "Teresita", "last_name": "Torres", "email": "teresitatorres@gmail.com", "password": "teresitatorres123", "profile_pic": "", "phone": "09956789012", "address": "Padre Faura St."}}, {"model": "account.mechanic", "pk": 2023091933, "fields": {"first_name": "Felipe", "last_name": "Gonzales", "email": "felipegonzales@gmail.com", "password": "felipegonzales123", "profile_pic": "", "phone": "09167890123", "address": "Mendiola St."}}, {"model": "account.mechanic", "pk": 2023091934, "fields": {"first_name": "Lourdes", "last_name": "Reyes", "email": "lourdesreyes@gmail.com", "password": "lourdesreyes123", "profile_pic": "", "phone": "09278901234", "address": "Soler St."}}, {"model": "account.mechanic", "pk": 2023091935, "fields": {"first_name": "Isidro", "last_name": "Perez", "email": "isidroperez@gmail.com", "password": "isidroperez123", "profile_pic": "", "phone": "09389012345", "address": "Natividad St."}}, {"model": "account.mechanic", "pk": 2023091936, "fields": {"first_name": "Consuelo", "last_name": "Lim", "email": "consuelolim@gmail.com", "password": "consuelolim123", "profile_pic": "", "phone": "09490123456", "address": "Crisostomo St."}}, {"model": "account.mechanic", "pk": 2023091937, "fields": {"first_name": "Ferdinand", "last_name": "Cruz", "email": "ferdinandcruz@gmail.com", "password": "ferdinandcruz123", "profile_pic": "", "phone": "09501234567", "address": "Sampaloc St."}}, {"model": "account.mechanic", "pk": 2023091938, "fields": {"first_name": "Andres", "last_name": "Rizal", "email": "andresrizal@gmail.com", "password": "andresrizal123", "profile_pic": "", "phone": "09112345678", "address": "Magsaysay St."}}, {"model": "account.mechanic", "pk": 2023091939, "fields": {"first_name": "Apolinario", "last_name": "Mabini", "email": "apolinariomabini@gmail.com", "password": "apolinariomabini123", "profile_pic": "", "phone": "09223456789", "address": "Bonifacio St."}}, {"model": "account.mechanic", "pk": 2023091940, "fields": {"first_name": "Emilio", "last_name": "Aguinaldo", "email": "emilioaguinaldo@gmail.com", "password": "emilioaguinaldo123", "profile_pic": "", "phone": "09334567890", "address": "Roxas St."}}, {"model": "account.mechanic", "pk": 2023091941, "fields": {"first_name": "Gregorio", "last_name": "Del Pilar", "email": "gregoriodelpilar@gmail.com", "password": "gregoriodelpilar123", "profile_pic": "", "phone": "09445678901", "address": "Taft St."}}, {"model": "account.mechanic", "pk": 2023091942, "fields": {"first_name": "Lapu-Lapu", "last_name": "Cebu", "email": "lapulapucebu@gmail.com", "password": "lapulapucebu123", "profile_pic": "", "phone": "09556789012", "address": "Padre Faura St."}}, {"model": "account.mechanic", "pk": 2023091943, "fields": {"first_name": "Melchora", "last_name": "Aquino", "email": "melchoraaquino@gmail.com", "password": "melchoraaquino123", "profile_pic": "", "phone": "09667890123", "address": "Mendiola St."}}, {"model": "account.mechanic", "pk": 2023091944, "fields": {"first_name": "Graciano", "last_name": "Lopez", "email": "gracianolopez@gmail.com", "password": "gracianolopez123", "profile_pic": "", "phone": "09778901234", "address": "Soler St."}}, {"model": "account.mechanic", "pk": 2023091945, "fields": {"first_name": "Heneral", "last_name": "Luna", "email": "heneralluna@gmail.com", "password": "heneralluna123", "profile_pic": "", "phone": "09889012345", "address": "Natividad St."}}, {"model": "account.billing", "pk": 2023092002, "fields": {"first_name": "Roberto", "last_name": "Lopez", "email": "robertolopez@gmail.com", "password": "robertolopez123", "profile_pic": "", "phone": "09123456781", "address": "Legarda St."}}, {"model": "account.billing", "pk": 2023092003, "fields": {"first_name": "Gloria", "last_name": "Reyes", "email": "gloriareyes@gmail.com", "password": "gloriareyes123", "profile_pic": "", "phone": "09123456782", "address": "Claro M. Recto St."}}, {"model": "account.billing", "pk": 2023092004, "fields": {"first_name": "Fernando", "last_name": "Gonzales", "email": "fernandogonzales@gmail.com", "password": "fernandogonzales123", "profile_pic": "", "phone": "09123456783", "address": "A. Bonifacio St."}}, {"model": "account.billing", "pk": 2023092005, "fields": {"first_name": "Cecilia", "last_name": "Cruz", "email": "ceciliacruz@gmail.com", "password": "ceciliacruz123", "profile_pic": "", "phone": "09123456784", "address": "A. Mabini St."}}, {"model": "account.billing", "pk": 2023092006, "fields": {"first_name": "Leonor", "last_name": "Rivera", "email": "leonorrivera@gmail.com", "password": "leonorrivera123", "profile_pic": "", "phone": "09123456785", "address": "Jones Bridge"}}, {"model": "account.billing", "pk": 2023092007, "fields": {"first_name": "Gregorio", "last_name": "Aguinaldo", "email": "gregorioaguinaldo@gmail.com", "password": "gregorioaguinaldo123", "profile_pic": "", "phone": "09123456786", "address": "Escolta St."}}, {"model": "account.billing", "pk": 2023092008, "fields": {"first_name": "Juan", "last_name": "Luna", "email": "juanluna@gmail.com", "password": "juanluna123", "profile_pic": "", "phone": "09123456787", "address": "Intramuros"}}, {"model": "account.billing", "pk": 2023092009, "fields": {"first_name": "Mariano", "last_name": "Ponce", "email": "marianoponce@gmail.com", "password": "marianoponce123", "profile_pic": "", "phone": "09123456788", "address": "Luneta Park"}}, {"model": "account.billing", "pk": 2023092010, "fields": {"first_name": "Heneral", "last_name": "Luna", "email": "heneralluna@gmail.com", "password": "heneralluna123", "profile_pic": "", "phone": "09123456789", "address": "Taft Ave."}}, {"model": "account.billing", "pk": 2023092011, "fields": {"first_name": "Melchora", "last_name": "Aquino", "email": "melchoraaquino@gmail.com", "password": "melchoraaquino123", "profile_pic": "", "phone": "09123456790", "address": "Roxas Blvd."}}, {"model": "account.billing", "pk": 2023092012, "fields": {"first_name": "Gabriela", "last_name": "Silang", "email": "gabrielasilang@gmail.com", "password": "gabrielasilang123", "profile_pic": "", "phone": "09123456791", "address": "Vito Cruz St."}}, {"model": "account.billing", "pk": 2023092013, "fields": {"first_name": "Diego", "last_name": "Silang", "email": "diegosilang@gmail.com", "password": "diegosilang123", "profile_pic": "", "phone": "09123456792", "address": "Legaspi St."}}, {"model": "account.billing", "pk": 2023092014, "fields": {"first_name": "Lapu-Lapu", "last_name": "Cebu", "email": "lapulapucebu@gmail.com", "password": "lapulapucebu123", "profile_pic": "", "phone": "09123456793", "address": "Makati Ave."}}, {"model": "account.billing", "pk": 2023092015, "fields": {"first_name": "Tandang", "last_name": "Sora", "email": "tandangsora@gmail.com", "password": "tandangsora123", "profile_pic": "", "phone": "09123456794", "address": "EDSA"}}, {"model": "account.marketing", "pk": 2023092101, "fields": {"first_name": "Teresita", "last_name": "Garcia", "email": "teresitagarcia@gmail.com", "password": "teresitagarcia123", "profile_pic": "", "phone": "09123456785", "address": "Bustillos St."}}, {"model": "account.marketing", "pk": 2023092102, "fields": {"first_name": "Rodrigo", "last_name": "Santos", "email": "rodrigosantos@gmail.com", "password": "rodrigosantos123", "profile_pic": "", "phone": "09123456786", "address": "Zobel Roxas St."}}, {"model": "account.marketing", "pk": 2023092103, "fields": {"first_name": "Gloria", "last_name": "Torres", "email": "gloriatorres@gmail.com", "password": "gloriatorres123", "profile_pic": "", "phone": "09123456787", "address": "Apolinario Mabini St."}}, {"model": "account.marketing", "pk": 2023092104, "fields": {"first_name": "Fernando", "last_name": "Gonzales", "email": "fernandogonzales@gmail.com", "password": "fernandogonzales123", "profile_pic": "", "phone": "09123456788", "address": "C. Palanca St."}}, {"model": "account.marketing", "pk": 2023092105, "fields": {"first_name": "Cecilia", "last_name": "Reyes", "email": "ceciliareyes@gmail.com", "password": "ceciliareyes123", "profile_pic": "", "phone": "09123456789", "address": "Plaza Lacson"}}, {"model": "account.marketing", "pk": 2023092106, "fields": {"first_name": "Teresita", "last_name": "Mendoza", "email": "teresitamendoza@gmail.com", "password": "teresitamendoza123", "profile_pic": "", "phone": "09123456678", "address": "Ziga Ave."}}, {"model": "account.marketing", "pk": 2023092107, "fields": {"first_name": "Leonardo", "last_name": "Perez", "email": "leonardoperez@gmail.com", "password": "leonardoperez123", "profile_pic": "", "phone": "09123456679", "address": "U.N. Ave."}}, {"model": "account.marketing", "pk": 2023092108, "fields": {"first_name": "Edna", "last_name": "Santos", "email": "ednasantos@gmail.com", "password": "ednasantos123", "profile_pic": "", "phone": "09123456677", "address": "G. Tolentino St."}}, {"model": "account.marketing", "pk": 2023092109, "fields": {"first_name": "Pedro", "last_name": "Lim", "email": "pedrolim@gmail.com", "password": "pedrolim123", "profile_pic": "", "phone": "09123456676", "address": "Bambang St."}}, {"model": "account.marketing", "pk": 2023092110, "fields": {"first_name": "Marilou", "last_name": "Tan", "email": "mariloutan@gmail.com", "password": "mariloutan123", "profile_pic": "", "phone": "09123456675", "address": "J. Barlin St."}}, {"model": "account.marketing", "pk": 2023092111, "fields": {"first_name": "Romeo", "last_name": "Gomez", "email": "romeogomez@gmail.com", "password": "romeogomez123", "profile_pic": "", "phone": "09123456674", "address": "Estrada St."}}, {"model": "account.marketing", "pk": 2023092112, "fields": {"first_name": "Elena", "last_name": "Chua", "email": "elenachua@gmail.com", "password": "elenachua123", "profile_pic": "", "phone": "09123456673", "address": "Maceda St."}}, {"model": "account.marketing", "pk": 2023092113, "fields": {"first_name": "Antonio", "last_name": "Yap", "email": "antonioyap@gmail.com", "password": "antonioyap123", "profile_pic": "", "phone": "09123456672", "address": "Dos Castillas St."}}, {"model": "account.marketing", "pk": 2023092114, "fields": {"first_name": "Nancy", "last_name": "Go", "email": "nancygo@gmail.com", "password": "nancygo123", "profile_pic": "", "phone": "09123456671", "address": "Tayuman St."}}, {"model": "account.marketing", "pk": 2023092115, "fields": {"first_name": "Jose", "last_name": "Tan", "email": "josetan@gmail.com", "password": "josetan123", "profile_pic": "", "phone": "09123456670", "address": "Tomas Mapua St."}}, {"model": "account.marketing", "pk": 2023092116, "fields": {"first_name": "Marissa", "last_name": "Gonzales", "email": "marissagonzales@gmail.com", "password": "marissagonzales123", "profile_pic": "", "phone": "09123456669", "address": "Ramon Magsaysay Blvd."}}, {"model": "account.marketing", "pk": 2023092117, "fields": {"first_name": "Albert", "last_name": "Chen", "email": "albertchen@gmail.com", "password": "albertchen123", "profile_pic": "", "phone": "09123456668", "address": "P. Casal St."}}, {"model": "account.marketing", "pk": 2023092118, "fields": {"first_name": "Lourdes", "last_name": "Tolentino", "email": "lourdestolentino@gmail.com", "password": "lourdestolentino123", "profile_pic": "", "phone": "09123456667", "address": "G. Tuazon St."}}, {"model": "account.marketing", "pk": 2023092119, "fields": {"first_name": "Benjamin", "last_name": "Uy", "email": "benjaminuy@gmail.com", "password": "benjaminuy123", "profile_pic": "", "phone": "09123456666", "address": "G. Araneta Ave."}}, {"model": "account.marketing", "pk": 2023092120, "fields": {"first_name": "Norma", "last_name": "Lopez", "email": "normalopez@gmail.com", "password": "normalopez123", "profile_pic": "", "phone": "09123456665", "address": "F. Blumentritt St."}}, {"model": "account.marketing", "pk": 2023092121, "fields": {"first_name": "Victor", "last_name": "Chang", "email": "victorchang@gmail.com", "password": "victorchang123", "profile_pic": "", "phone": "09123456664", "address": "Yague St."}}, {"model": "account.marketing", "pk": 2023092122, "fields": {"first_name": "Amelia", "last_name": "Liu", "email": "amelialiu@gmail.com", "password": "amelialiu123", "profile_pic": "", "phone": "09123456663", "address": "C. Almeda St."}}, {"model": "account.marketing", "pk": 2023092123, "fields": {"first_name": "Rolando", "last_name": "Ong", "email": "rolandoong@gmail.com", "password": "rolandoong123", "profile_pic": "", "phone": "09123456662", "address": "E. Rodriguez Sr. Ave."}}, {"model": "account.accountant", "pk": 2023091901, "fields": {"first_name": "Juan", "last_name": "Dela Cruz", "email": "juandelacruz@gmail.com", "password": "juandelacruz123", "profile_pic": "", "phone": "09123456789", "address": "Masinop St."}}, {"model": "account.accountant", "pk": 2023091902, "fields": {"first_name": "Juana", "last_name": "Dela Paz", "email": "juanadelapaz@gmail.com", "password": "juandelapaz123", "profile_pic": "", "phone": "0932356123", "address": "Wagas St."}}, {"model": "account.accountant", "pk": 2023091903, "fields": {"first_name": "Boy", "last_name": "Tapang", "email": "boytapang@gmail.com", "password": "boytapang123", "profile_pic": "", "phone": "0912654987", "address": "Delpan St."}}, {"model": "account.accountant", "pk": 2023091904, "fields": {"first_name": "Maria", "last_name": "Santos", "email": "mariasantos@gmail.com", "password": "mariasantos123", "profile_pic": "", "phone": "09234567891", "address": "Rizal St."}}, {"model": "account.accountant", "pk": 2023091905, "fields": {"first_name": "Pedro", "last_name": "Garcia", "email": "pedrogarcia@gmail.com", "password": "pedrogarcia123", "profile_pic": "", "phone": "09345678912", "address": "Coral St."}}, {"model": "account.accountant", "pk": 2023091906, "fields": {"first_name": "Rosa", "last_name": "Lopez", "email": "rosalopez@gmail.com", "password": "rosalopez123", "profile_pic": "", "phone": "09456789123", "address": "Apolinario St."}}, {"model": "account.accountant", "pk": 2023091907, "fields": {"first_name": "Santiago", "last_name": "Reyes", "email": "santiagoreyes@gmail.com", "password": "santiagoreyes123", "profile_pic": "", "phone": "09167891234", "address": "Luna St."}}, {"model": "account.accountant", "pk": 2023091908, "fields": {"first_name": "Luningning", "last_name": "Torres", "email": "luningningtorres@gmail.com", "password": "luningningtorres123", "profile_pic": "", "phone": "09278912345", "address": "Mabini St."}}, {"model": "account.accountant", "pk": 2023091909, "fields": {"first_name": "Antonio", "last_name": "Fernandez", "email": "antoniofernandez@gmail.com", "password": "antoniofernandez123", "profile_pic": "", "phone": "09389123456", "address": "Quirino St."}}, {"model": "account.accountant", "pk": 2023091910, "fields": {"first_name": "Carmen", "last_name": "Mendoza", "email": "carmenmendoza@gmail.com", "password": "carmenmendoza123", "profile_pic": "", "phone": "09491234567", "address": "Bonifacio St."}}, {"model": "account.accountant", "pk": 2023091911, "fields": {"first_name": "Jose", "last_name": "Lim", "email": "joselim@gmail.com", "password": "joselim123", "profile_pic": "", "phone": "09512345678", "address": "Roxas St."}}, {"model": "account.accountant", "pk": 2023091912, "fields": {"first_name": "Luzviminda", "last_name": "Cruzat", "email": "luzvimindacruzat@gmail.com", "password": "luzvimindacruzat123", "profile_pic": "", "phone": "09623456789", "address": "Ortigas St."}}, {"model": "account.accountant", "pk": 2023091913, "fields": {"first_name": "Francisco", "last_name": "Cruz", "email": "franciscocruz@gmail.com", "password": "franciscocruz123", "profile_pic": "", "phone": "09734567890", "address": "Taft St."}}, {"model": "account.accountant", "pk": 2023091914, "fields": {"first_name": "Mariano", "last_name": "Santos", "email": "marianosantos@gmail.com", "password": "marianosantos123", "profile_pic": "", "phone": "09845678901", "address": "Paterno St."}}, {"model": "account.accountant", "pk": 2023091915, "fields": {"first_name": "Teresita", "last_name": "Torres", "email": "teresitatorres@gmail.com", "password": "teresitatorres123", "profile_pic": "", "phone": "09956789012", "address": "Padre Faura St."}}, {"model": "account.accountant", "pk": 2023091916, "fields": {"first_name": "Felipe", "last_name": "Gonzales", "email": "felipegonzales@gmail.com", "password": "felipegonzales123", "profile_pic": "", "phone": "09167890123", "address": "Mendiola St."}}, {"model": "account.accountant", "pk": 2023091917, "fields": {"first_name": "Lourdes", "last_name": "Reyes", "email": "lourdesreyes@gmail.com", "password": "lourdesreyes123", "profile_pic": "", "phone": "09278901234", "address": "Soler St."}}, {"model": "account.accountant", "pk": 2023091918, "fields": {"first_name": "Isidro", "last_name": "Perez", "email": "isidroperez@gmail.com", "password": "isidroperez123", "profile_pic": "", "phone": "09389012345", "address": "Natividad St."}}, {"model": "account.accountant", "pk": 2023091919, "fields": {"first_name": "Consuelo", "last_name": "Lim", "email": "consuelolim@gmail.com", "password": "consuelolim123", "profile_pic": "", "phone": "09490123456", "address": "Crisostomo St."}}, {"model": "account.accountant", "pk": 2023091920, "fields": {"first_name": "Ferdinand", "last_name": "Cruz", "email": "ferdinandcruz@gmail.com", "password": "ferdinandcruz123", "profile_pic": "", "phone": "09501234568", "address": "Sampaloc St."}}, {"model": "reservation.vehiclefault", "pk": 1, "fields": {"vehicle_id": 1, "description": "Engine misfire on startup.", "condition": "Poor", "recommendation": "Check and replace spark plugs."}}, {"model": "reservation.vehiclefault", "pk": 2, "fields": {"vehicle_id": 2, "description": "Transmission slipping during gear change.", "condition": "Average", "recommendation": "Inspect transmission fluid and replace if necessary."}}, {"model": "reservation.vehiclefault", "pk": 3, "fields": {"vehicle_id": 3, "description": "Brakes making a squealing noise.", "condition": "Good", "recommendation": "Check brake pads and rotor condition."}}, {"model": "reservation.vehiclefault", "pk": 4, "fields": {"vehicle_id": 4, "description": "Check engine light on.", "condition": "Excellent", "recommendation": "Perform a diagnostic scan to identify the issue."}}, {"model": "reservation.brakesystemfault", "pk": 1, "fields": {"service_brake": "OK", "parking_brake": "Needs Repair", "rotor": "OK", "brake_hose": "Needs Repair", "low_pressuree_device": "Repaired"}}, {"model": "reservation.brakesystemfault", "pk": 2, "fields": {"service_brake": "Needs Repair", "parking_brake": "OK", "rotor": "Repaired", "brake_hose": "OK", "low_pressuree_device": "Needs Repair"}}, {"model": "reservation.brakesystemfault", "pk": 3, "fields": {"service_brake": "Repaired", "parking_brake": "Needs Repair", "rotor": "OK", "brake_hose": "Repaired", "low_pressuree_device": "OK"}}, {"model": "reservation.brakesystemfault", "pk": 4, "fields": {"service_brake": "OK", "parking_brake": "OK", "rotor": "OK", "brake_hose": "Needs Repair", "low_pressuree_device": "Repaired"}}, {"model": "reservation.couplingdevicefault", "pk": 1, "fields": {"fifth_wheel": "OK", "pintle_hooks": "Needs Repair", "drawbar": "OK"}}, {"model": "reservation.couplingdevicefault", "pk": 2, "fields": {"fifth_wheel": "Repaired", "pintle_hooks": "OK", "drawbar": "Needs Repair"}}, {"model": "reservation.couplingdevicefault", "pk": 3, "fields": {"fifth_wheel": "OK", "pintle_hooks": "Needs Repair", "drawbar": "Repaired"}}, {"model": "reservation.couplingdevicefault", "pk": 4, "fields": {"fifth_wheel": "Needs Repair", "pintle_hooks": "Repaired", "drawbar": "OK"}}, {"model": "reservation.engineoperationfault", "pk": 1, "fields": {"fan": "OK", "oil_pressure": "Needs Repair", "radiator": "OK", "battery": "Needs Repair"}}, {"model": "reservation.engineoperationfault", "pk": 2, "fields": {"fan": "Repaired", "oil_pressure": "OK", "radiator": "Needs Repair", "battery": "Repaired"}}, {"model": "reservation.engineoperationfault", "pk": 3, "fields": {"fan": "OK", "oil_pressure": "Repaired", "radiator": "OK", "battery": "Needs Repair"}}, {"model": "reservation.engineoperationfault", "pk": 4, "fields": {"fan": "Needs Repair", "oil_pressure": "OK", "radiator": "Repaired", "battery": "OK"}}, {"model": "reservation.exhaustsystemfault", "pk": 1, "fields": {"driver_position_exhaust": "OK", "fuel_line_exhaust": "Needs Repair", "muffler": "OK"}}, {"model": "reservation.exhaustsystemfault", "pk": 2, "fields": {"driver_position_exhaust": "Repaired", "fuel_line_exhaust": "OK", "muffler": "Needs Repair"}}, {"model": "reservation.exhaustsystemfault", "pk": 3, "fields": {"driver_position_exhaust": "OK", "fuel_line_exhaust": "Repaired", "muffler": "OK"}}, {"model": "reservation.exhaustsystemfault", "pk": 4, "fields": {"driver_position_exhaust": "Needs Repair", "fuel_line_exhaust": "OK", "muffler": "Repaired"}}, {"model": "reservation.fuelsystemfault", "pk": 1, "fields": {"visible_leak": "OK", "fuel_tank_filler_cap": "Needs Repair", "fuel_tank": "OK"}}, {"model": "reservation.fuelsystemfault", "pk": 2, "fields": {"visible_leak": "Repaired", "fuel_tank_filler_cap": "OK", "fuel_tank": "Needs Repair"}}, {"model": "reservation.fuelsystemfault", "pk": 3, "fields": {"visible_leak": "OK", "fuel_tank_filler_cap": "Repaired", "fuel_tank": "OK"}}, {"model": "reservation.fuelsystemfault", "pk": 4, "fields": {"visible_leak": "Needs Repair", "fuel_tank_filler_cap": "OK", "fuel_tank": "Repaired"}}, {"model": "reservation.lightingdevicesfault", "pk": 1, "fields": {"head_light": "OK", "brake_light": "Needs Repair", "tail_light": "OK", "dash_light": "Needs Repair", "clearance_light": "OK", "turn_indicator": "Needs Repair"}}, {"model": "reservation.lightingdevicesfault", "pk": 2, "fields": {"head_light": "Repaired", "brake_light": "OK", "tail_light": "Needs Repair", "dash_light": "OK", "clearance_light": "Needs Repair", "turn_indicator": "OK"}}, {"model": "reservation.lightingdevicesfault", "pk": 3, "fields": {"head_light": "OK", "brake_light": "Repaired", "tail_light": "OK", "dash_light": "Needs Repair", "clearance_light": "OK", "turn_indicator": "Repaired"}}, {"model": "reservation.lightingdevicesfault", "pk": 4, "fields": {"head_light": "Needs Repair", "brake_light": "OK", "tail_light": "Repaired", "dash_light": "OK", "clearance_light": "Repaired", "turn_indicator": "OK"}}, {"model": "reservation.safetyequipmentfault", "pk": 1, "fields": {"seat_belt": "OK", "fire_extinguisher": "Needs Repair", "flare": "OK", "decal": "Needs Repair", "spare_bulb": "OK", "turn_indicator": "Needs Repair"}}, {"model": "reservation.safetyequipmentfault", "pk": 2, "fields": {"seat_belt": "Repaired", "fire_extinguisher": "OK", "flare": "Needs Repair", "decal": "OK", "spare_bulb": "Needs Repair", "turn_indicator": "OK"}}, {"model": "reservation.safetyequipmentfault", "pk": 3, "fields": {"seat_belt": "OK", "fire_extinguisher": "Repaired", "flare": "OK", "decal": "Needs Repair", "spare_bulb": "OK", "turn_indicator": "Repaired"}}, {"model": "reservation.safetyequipmentfault", "pk": 4, "fields": {"seat_belt": "Needs Repair", "fire_extinguisher": "OK", "flare": "Repaired", "decal": "OK", "spare_bulb": "Repaired", "turn_indicator": "OK"}}, {"model": "reservation.steeringmechanismfault", "pk": 1, "fields": {"steering_wheel": "OK", "steering_column": "Needs Repair", "front_axel_beam": "OK", "steering_gear_box": "Needs Repair", "pitman_arm": "OK", "power_steering": "Needs Repair", "ball_and_socket_joints": "OK", "tie_rods": "Needs Repair"}}, {"model": "reservation.steeringmechanismfault", "pk": 2, "fields": {"steering_wheel": "Repaired", "steering_column": "OK", "front_axel_beam": "Needs Repair", "steering_gear_box": "OK", "pitman_arm": "Needs Repair", "power_steering": "OK", "ball_and_socket_joints": "Needs Repair", "tie_rods": "OK"}}, {"model": "reservation.steeringmechanismfault", "pk": 3, "fields": {"steering_wheel": "OK", "steering_column": "Repaired", "front_axel_beam": "OK", "steering_gear_box": "Needs Repair", "pitman_arm": "OK", "power_steering": "Needs Repair", "ball_and_socket_joints": "OK", "tie_rods": "Repaired"}}, {"model": "reservation.steeringmechanismfault", "pk": 4, "fields": {"steering_wheel": "Needs Repair", "steering_column": "OK", "front_axel_beam": "Repaired", "steering_gear_box": "OK", "pitman_arm": "Repaired", "power_steering": "OK", "ball_and_socket_joints": "Repaired", "tie_rods": "OK"}}, {"model": "reservation.suspensionfault", "pk": 1, "fields": {"spring_assembly_and_bolts": "OK", "tracking_components": "Needs Repair"}}, {"model": "reservation.suspensionfault", "pk": 2, "fields": {"spring_assembly_and_bolts": "Repaired", "tracking_components": "OK"}}, {"model": "reservation.suspensionfault", "pk": 3, "fields": {"spring_assembly_and_bolts": "OK", "tracking_components": "Repaired"}}, {"model": "reservation.suspensionfault", "pk": 4, "fields": {"spring_assembly_and_bolts": "Needs Repair", "tracking_components": "OK"}}, {"model": "reservation.tiresfault", "pk": 1, "fields": {"condition": "OK", "air_pressure": "Needs Repair", "chains": "OK"}}, {"model": "reservation.tiresfault", "pk": 2, "fields": {"condition": "Repaired", "air_pressure": "OK", "chains": "Needs Repair"}}, {"model": "reservation.tiresfault", "pk": 3, "fields": {"condition": "OK", "air_pressure": "Repaired", "chains": "OK"}}, {"model": "reservation.tiresfault", "pk": 4, "fields": {"condition": "Needs Repair", "air_pressure": "OK", "chains": "Repaired"}}, {"model": "reservation.wheelfault", "pk": 1, "fields": {"wheel_and_rims": "OK", "lock_or_side_rings": "Needs Repair", "fasteners": "OK", "welds": "Needs Repair"}}, {"model": "reservation.wheelfault", "pk": 2, "fields": {"wheel_and_rims": "Repaired", "lock_or_side_rings": "OK", "fasteners": "Needs Repair", "welds": "OK"}}, {"model": "reservation.wheelfault", "pk": 3, "fields": {"wheel_and_rims": "OK", "lock_or_side_rings": "Repaired", "fasteners": "OK", "welds": "Needs Repair"}}, {"model": "reservation.wheelfault", "pk": 4, "fields": {"wheel_and_rims": "Needs Repair", "lock_or_side_rings": "OK", "fasteners": "Repaired", "welds": "OK"}}, {"model": "reservation.windshieldfault", "pk": 1, "fields": {"glass": "OK", "wiper_power_unit": "Needs Repair"}}, {"model": "reservation.windshieldfault", "pk": 2, "fields": {"glass": "Repaired", "wiper_power_unit": "OK"}}, {"model": "reservation.windshieldfault", "pk": 3, "fields": {"glass": "OK", "wiper_power_unit": "Repaired"}}, {"model": "reservation.windshieldfault", "pk": 4, "fields": {"glass": "Needs Repair", "wiper_power_unit": "OK"}}, {"model": "reservation.miscellaneousfault", "pk": 1, "fields": {"transmission_fluid": "OK", "clutch": "Needs Repair", "heater": "OK", "mirror": "Needs Repair", "frame": "OK", "body": "Needs Repair"}}, {"model": "reservation.miscellaneousfault", "pk": 2, "fields": {"transmission_fluid": "Repaired", "clutch": "OK", "heater": "Needs Repair", "mirror": "OK", "frame": "Needs Repair", "body": "OK"}}, {"model": "reservation.miscellaneousfault", "pk": 3, "fields": {"transmission_fluid": "OK", "clutch": "Repaired", "heater": "OK", "mirror": "Needs Repair", "frame": "OK", "body": "Repaired"}}, {"model": "reservation.miscellaneousfault", "pk": 4, "fields": {"transmission_fluid": "Needs Repair", "clutch": "OK", "heater": "Repaired", "mirror": "OK", "frame": "Repaired", "body": "OK"}}, {"model": "reservation.inspection", "pk": 1, "fields": {"mechanic": 1, "vehicle": 1, "customer": 1}}, {"model": "reservation.inspection", "pk": 2, "fields": {"mechanic": 2, "vehicle": 2, "customer": 2}}, {"model": "reservation.inspection", "pk": 3, "fields": {"mechanic": 3, "vehicle": 3, "customer": 3}}, {"model": "reservation.inspection", "pk": 4, "fields": {"mechanic": 4, "vehicle": 4, "customer": 4}}, {"model": "reservation.inspection", "pk": 5, "fields": {"mechanic": 5, "vehicle": 5, "customer": 5}}, {"model": "reservation.inspection", "pk": 6, "fields": {"mechanic": 6, "vehicle": 6, "customer": 6}}, {"model": "reservation.inspection", "pk": 7, "fields": {"mechanic": 7, "vehicle": 7, "customer": 7}}, {"model": "reservation.inspection", "pk": 8, "fields": {"mechanic": 8, "vehicle": 8, "customer": 8}}, {"model": "reservation.inspection", "pk": 9, "fields": {"mechanic": 9, "vehicle": 9, "customer": 9}}, {"model": "reservation.inspection", "pk": 10, "fields": {"mechanic": 10, "vehicle": 10, "customer": 10}}, {"model": "reservation.inspection", "pk": 11, "fields": {"mechanic": 11, "vehicle": 11, "customer": 11}}, {"model": "reservation.inspection", "pk": 12, "fields": {"mechanic": 12, "vehicle": 12, "customer": 12}}, {"model": "reservation.inspection", "pk": 13, "fields": {"mechanic": 13, "vehicle": 13, "customer": 13}}, {"model": "reservation.inspection", "pk": 14, "fields": {"mechanic": 14, "vehicle": 14, "customer": 14}}, {"model": "reservation.inspection", "pk": 15, "fields": {"mechanic": 15, "vehicle": 15, "customer": 15}}, {"model": "reservation.inspection", "pk": 16, "fields": {"mechanic": 16, "vehicle": 16, "customer": 16}}, {"model": "reservation.inspection", "pk": 17, "fields": {"mechanic": 17, "vehicle": 17, "customer": 17}}, {"model": "reservation.inspection", "pk": 18, "fields": {"mechanic": 18, "vehicle": 18, "customer": 18}}, {"model": "reservation.inspection", "pk": 19, "fields": {"mechanic": 19, "vehicle": 19, "customer": 19}}, {"model": "reservation.inspection", "pk": 20, "fields": {"mechanic": 20, "vehicle": 20, "customer": 20}}, {"model": "vehicle.vehicle", "pk": 1, "fields": {"brand": "Toyota", "model": "Camry", "plate_number": "ABC 123", "type": "Sedan", "customer": 1}}, {"model": "vehicle.vehicle", "pk": 2, "fields": {"brand": "Honda", "model": "Civic", "plate_number": "XYZ 456", "type": "Sedan", "customer": 2}}, {"model": "vehicle.vehicle", "pk": 3, "fields": {"brand": "Ford", "model": "F-150", "plate_number": "DEF 789", "type": "Truck", "customer": 3}}, {"model": "vehicle.vehicle", "pk": 4, "fields": {"brand": "Chevrolet", "model": "Malibu", "plate_number": "GHI 012", "type": "Sedan", "customer": 4}}, {"model": "vehicle.vehicle", "pk": 5, "fields": {"brand": "Nissan", "model": "Altima", "plate_number": "JKL 345", "type": "Sedan", "customer": 5}}, {"model": "vehicle.vehicle", "pk": 6, "fields": {"brand": "Jeep", "model": "Wrangler", "plate_number": "MNO 678", "type": "SUV", "customer": 6}}, {"model": "vehicle.vehicle", "pk": 7, "fields": {"brand": "Subaru", "model": "Outback", "plate_number": "PQR 901", "type": "SUV", "customer": 7}}, {"model": "vehicle.vehicle", "pk": 8, "fields": {"brand": "BMW", "model": "3 Series", "plate_number": "STU 234", "type": "Sedan", "customer": 8}}, {"model": "vehicle.vehicle", "pk": 9, "fields": {"brand": "Mercedes-Benz", "model": "C-Class", "plate_number": "VWX 567", "type": "Sedan", "customer": 9}}, {"model": "vehicle.vehicle", "pk": 10, "fields": {"brand": "Audi", "model": "A4", "plate_number": "YZA 890", "type": "Sedan", "customer": 10}}, {"model": "vehicle.vehicle", "pk": 11, "fields": {"brand": "Hyundai", "model": "Elantra", "plate_number": "BCD 123", "type": "Sedan", "customer": 11}}, {"model": "vehicle.vehicle", "pk": 12, "fields": {"brand": "Kia", "model": "Sportage", "plate_number": "EFG 456", "type": "SUV", "customer": 12}}, {"model": "vehicle.vehicle", "pk": 13, "fields": {"brand": "Mazda", "model": "CX-5", "plate_number": "HIJ 789", "type": "SUV", "customer": 13}}, {"model": "vehicle.vehicle", "pk": 14, "fields": {"brand": "Volkswagen", "model": "Jetta", "plate_number": "KLM 012", "type": "Sedan", "customer": 14}}, {"model": "vehicle.vehicle", "pk": 15, "fields": {"brand": "Lexus", "model": "ES", "plate_number": "NOP 345", "type": "Sedan", "customer": 15}}, {"model": "vehicle.vehicle", "pk": 16, "fields": {"brand": "Chrysler", "model": "300", "plate_number": "QRS 678", "type": "Sedan", "customer": 16}}, {"model": "vehicle.vehicle", "pk": 17, "fields": {"brand": "Buick", "model": "Enclave", "plate_number": "TUV 901", "type": "SUV", "customer": 17}}, {"model": "vehicle.vehicle", "pk": 18, "fields": {"brand": "GMC", "model": "Sierra", "plate_number": "WXY 234", "type": "Truck", "customer": 18}}, {"model": "vehicle.vehicle", "pk": 19, "fields": {"brand": "Cadillac", "model": "XT5", "plate_number": "YZA 567", "type": "SUV", "customer": 19}}, {"model": "vehicle.vehicle", "pk": 20, "fields": {"brand": "Lincoln", "model": "Navigator", "plate_number": "BCD 890", "type": "SUV", "customer": 2023091902}}, {"model": "vehicle.customerreview", "pk": 1, "fields": {"customer_id": 1, "vehicle_id": 1, "title": "Excellent Repair Service", "body": "I had a fantastic experience with this repair shop. They fixed my vehicles issues quickly and efficiently. Highly recommended!", "created_at": "2023-09-20T10:00:00Z"}}, {"model": "vehicle.customerreview", "pk": 2, "fields": {"customer_id": 2, "vehicle_id": 2, "title": "Professional Mechanics", "body": "The mechanics at this shop are highly skilled and professional. They diagnosed and repaired my car perfectly. I am satisfied with their service.", "created_at": "2023-09-19T15:30:00Z"}}, {"model": "vehicle.customerreview", "pk": 3, "fields": {"customer_id": 3, "vehicle_id": 3, "title": "Quick Turnaround", "body": "I needed a quick fix for my vehicle, and this shop delivered. They completed the repair on time, and my car runs smoothly now.", "created_at": "2023-09-18T14:45:00Z"}}, {"model": "vehicle.customerreview", "pk": 4, "fields": {"customer_id": 4, "vehicle_id": 4, "title": "Friendly Staff", "body": "The staff at this repair shop are not only skilled but also very friendly. They explained the repairs in detail, which I appreciated.", "created_at": "2023-09-17T12:20:00Z"}}, {"model": "vehicle.customerreview", "pk": 5, "fields": {"customer_id": 5, "vehicle_id": 5, "title": "Honest Service", "body": "I thought I needed major repairs, but the shops mechanics found a simple fix. They saved me money and earned my trust.", "created_at": "2023-09-16T11:10:00Z"}}, {"model": "vehicle.customerreview", "pk": 6, "fields": {"customer_id": 6, "vehicle_id": 6, "title": "Great Pricing", "body": "Competitive pricing and high-quality service. I would recommend this repair shop to anyone looking for reliable repairs.", "created_at": "2023-09-15T09:30:00Z"}}, {"model": "vehicle.customerreview", "pk": 7, "fields": {"customer_id": 7, "vehicle_id": 7, "title": "Attention to Detail", "body": "The mechanics paid close attention to every detail of the repair. My vehicle feels as good as new. Thank you!", "created_at": "2023-09-14T17:40:00Z"}}, {"model": "vehicle.customerreview", "pk": 8, "fields": {"customer_id": 8, "vehicle_id": 8, "title": "Timely Repairs", "body": "I needed my car fixed quickly, and this shop didn't disappoint. They had my vehicle back on the road in no time.", "created_at": "2023-09-13T13:15:00Z"}}, {"model": "vehicle.customerreview", "pk": 9, "fields": {"customer_id": 9, "vehicle_id": 9, "title": "Impressive Work", "body": "The quality of repair work at this shop is impressive. I am a satisfied customer and will return for future repairs.", "created_at": "2023-09-12T16:55:00Z"}}, {"model": "vehicle.customerreview", "pk": 10, "fields": {"customer_id": 10, "vehicle_id": 10, "title": "Trustworthy Mechanics", "body": "I trust the mechanics at this shop with my car. They always do a great job and provide honest recommendations.", "created_at": "2023-09-11T10:45:00Z"}}, {"model": "vehicle.customerreview", "pk": 11, "fields": {"customer_id": 11, "vehicle_id": 11, "title": "Excellent Service", "body": "The repair shops service is excellent. They fixed my car, and it feels like new again. I highly recommend their services.", "created_at": "2023-09-10T14:00:00Z"}}, {"model": "vehicle.customerreview", "pk": 12, "fields": {"customer_id": 12, "vehicle_id": 12, "title": "Professionalism", "body": "The staffs professionalism and attention to detail make this shop stand out. I am a satisfied customer.", "created_at": "2023-09-09T12:25:00Z"}}, {"model": "vehicle.customerreview", "pk": 13, "fields": {"customer_id": 13, "vehicle_id": 13, "title": "Quick and Efficient", "body": "The repair was quick and efficient. I am pleased with the results and would return for future repairs.", "created_at": "2023-09-08T11:30:00Z"}}, {"model": "vehicle.customerreview", "pk": 14, "fields": {"customer_id": 14, "vehicle_id": 14, "title": "Friendly and Reliable", "body": "This shops friendly and reliable service is top-notch. I trust them with all my vehicle repair needs.", "created_at": "2023-09-07T09:10:00Z"}}, {"model": "vehicle.customerreview", "pk": 15, "fields": {"customer_id": 15, "vehicle_id": 15, "title": "Competitive Prices", "body": "Competitive prices and high-quality work make this shop my go-to place for repairs. Highly recommended!", "created_at": "2023-09-06T15:20:00Z"}}, {"model": "vehicle.customerreview", "pk": 16, "fields": {"customer_id": 16, "vehicle_id": 16, "title": "Great Mechanics", "body": "The mechanics at this shop are great at what they do. They solved my car issues, and Im happy with the results.", "created_at": "2023-09-05T14:45:00Z"}}, {"model": "vehicle.customerreview", "pk": 17, "fields": {"customer_id": 17, "vehicle_id": 17, "title": "Knowledgeable Staff", "body": "The staff is knowledgeable and answered all my questions. They provide excellent repair services.", "created_at": "2023-09-04T16:00:00Z"}}, {"model": "vehicle.customerreview", "pk": 18, "fields": {"customer_id": 18, "vehicle_id": 18, "title": "Quick Turnaround", "body": "I needed my car fixed in a hurry, and this shop delivered. The repairs were done efficiently and on time.", "created_at": "2023-09-03T13:30:00Z"}}, {"model": "vehicle.customerreview", "pk": 19, "fields": {"customer_id": 19, "vehicle_id": 19, "title": "Satisfied Customer", "body": "I am a satisfied customer of this repair shop. They fixed my vehicle issues, and I appreciate their service.", "created_at": "2023-09-02T12:15:00Z"}}, {"model": "vehicle.customerreview", "pk": 20, "fields": {"customer_id": 2023091901, "vehicle_id": 20, "title": "Reliable Repairs", "body": "This shop provides reliable repairs at reasonable prices. I trust them with my vehicle maintenance.", "created_at": "2023-09-22T14:30:15.906Z"}}, {"model": "vehicle.servicereport", "pk": 1, "fields": {"vehicle_id": 1, "customer_id": 1, "status": "In Progress"}}, {"model": "vehicle.servicereport", "pk": 2, "fields": {"vehicle_id": 2, "customer_id": 2, "status": "Completed"}}, {"model": "vehicle.servicereport", "pk": 3, "fields": {"vehicle_id": 3, "customer_id": 3, "status": "In Progress"}}, {"model": "vehicle.servicereport", "pk": 4, "fields": {"vehicle_id": 4, "customer_id": 4, "status": "Completed"}}, {"model": "vehicle.servicereport", "pk": 5, "fields": {"vehicle_id": 5, "customer_id": 5, "status": "In Progress"}}, {"model": "vehicle.servicereport", "pk": 6, "fields": {"vehicle_id": 6, "customer_id": 6, "status": "Completed"}}, {"model": "vehicle.servicereport", "pk": 7, "fields": {"vehicle_id": 7, "customer_id": 7, "status": "In Progress"}}, {"model": "vehicle.servicereport", "pk": 8, "fields": {"vehicle_id": 8, "customer_id": 8, "status": "Completed"}}, {"model": "vehicle.servicereport", "pk": 9, "fields": {"vehicle_id": 9, "customer_id": 9, "status": "In Progress"}}, {"model": "vehicle.servicereport", "pk": 10, "fields": {"vehicle_id": 10, "customer_id": 10, "status": "Completed"}}, {"model": "vehicle.servicereport", "pk": 11, "fields": {"vehicle_id": 11, "customer_id": 11, "status": "In Progress"}}, {"model": "vehicle.servicereport", "pk": 12, "fields": {"vehicle_id": 12, "customer_id": 12, "status": "Completed"}}, {"model": "vehicle.servicereport", "pk": 13, "fields": {"vehicle_id": 13, "customer_id": 13, "status": "In Progress"}}, {"model": "vehicle.servicereport", "pk": 14, "fields": {"vehicle_id": 14, "customer_id": 14, "status": "Completed"}}, {"model": "vehicle.servicereport", "pk": 15, "fields": {"vehicle_id": 15, "customer_id": 15, "status": "In Progress"}}, {"model": "vehicle.servicereport", "pk": 16, "fields": {"vehicle_id": 16, "customer_id": 16, "status": "Completed"}}, {"model": "vehicle.servicereport", "pk": 17, "fields": {"vehicle_id": 17, "customer_id": 17, "status": "In Progress"}}, {"model": "vehicle.servicereport", "pk": 18, "fields": {"vehicle_id": 18, "customer_id": 18, "status": "Completed"}}, {"model": "vehicle.servicereport", "pk": 19, "fields": {"vehicle_id": 19, "customer_id": 19, "status": "In Progress"}}, {"model": "vehicle.servicereport", "pk": 20, "fields": {"vehicle_id": 20, "customer_id": 2023091920, "status": "Completed"}}, {"model": "inventory.category", "pk": 1, "fields": {"name": "Engine Parts"}}, {"model": "inventory.category", "pk": 2, "fields": {"name": "Suspension and Steering"}}, {"model": "inventory.category", "pk": 3, "fields": {"name": "Brake System"}}, {"model": "inventory.category", "pk": 4, "fields": {"name": "Electrical Components"}}, {"model": "inventory.category", "pk": 5, "fields": {"name": "Exhaust System"}}, {"model": "inventory.category", "pk": 6, "fields": {"name": "Transmission and Drivetrain"}}, {"model": "inventory.category", "pk": 7, "fields": {"name": "Tires and Wheels"}}, {"model": "inventory.category", "pk": 8, "fields": {"name": "Interior Accessories"}}, {"model": "inventory.category", "pk": 9, "fields": {"name": "Exterior Accessories"}}, {"model": "inventory.category", "pk": 10, "fields": {"name": "Oil and Lubricants"}}, {"model": "inventory.category", "pk": 11, "fields": {"name": "Tools and Equipment"}}, {"model": "inventory.category", "pk": 12, "fields": {"name": "Safety and Security"}}, {"model": "inventory.category", "pk": 13, "fields": {"name": "Car Care Products"}}, {"model": "inventory.category", "pk": 14, "fields": {"name": "Performance Upgrades"}}, {"model": "inventory.category", "pk": 15, "fields": {"name": "Cooling and Heating"}}, {"model": "inventory.category", "pk": 16, "fields": {"name": "Body Parts"}}, {"model": "inventory.category", "pk": 17, "fields": {"name": "Fuel System"}}, {"model": "inventory.category", "pk": 18, "fields": {"name": "Air Conditioning"}}, {"model": "inventory.product", "pk": 1, "fields": {"product_name": "Spark Plugs (Set of 4)", "description": "NGK Iridium IX Spark Plugs", "category": 1, "stock_quantity": 100, "unit_price": "50.00", "cost_price": "40.00", "supplier": "AutoParts Supplier Inc.", "manufacturing_date": "2023-01-15", "expiration_date": null, "last_updated": "2023-09-20T00:00:00Z"}}, {"model": "inventory.product", "pk": 2, "fields": {"product_name": "Front Strut Assembly", "description": "Monroe OESpectrum Front Strut Assembly", "category": 2, "stock_quantity": 50, "unit_price": "120.00", "cost_price": "95.00", "supplier": "Suspension World Inc.", "manufacturing_date": "2023-02-20", "expiration_date": null, "last_updated": "2023-09-20T00:00:00Z"}}, {"model": "inventory.product", "pk": 3, "fields": {"product_name": "Brake Pads (Set of 2)", "description": "Bosch QuietCast Premium Brake Pads", "category": 3, "stock_quantity": 75, "unit_price": "35.00", "cost_price": "28.00", "supplier": "Brake Parts Direct", "manufacturing_date": "2023-03-10", "expiration_date": null, "last_updated": "2023-09-20T00:00:00Z"}}, {"model": "inventory.product", "pk": 4, "fields": {"product_name": "Car Battery", "description": "DieHard Gold Automotive Battery", "category": 4, "stock_quantity": 30, "unit_price": "100.00", "cost_price": "85.00", "supplier": "Battery Warehouse", "manufacturing_date": "2023-04-05", "expiration_date": null, "last_updated": "2023-09-20T00:00:00Z"}}, {"model": "inventory.product", "pk": 5, "fields": {"product_name": "Exhaust Pipe", "description": "Walker Exhaust Pipe", "category": 5, "stock_quantity": 40, "unit_price": "45.00", "cost_price": "35.00", "supplier": "Exhaust Pros", "manufacturing_date": "2023-05-12", "expiration_date": null, "last_updated": "2023-09-20T00:00:00Z"}}, {"model": "inventory.product", "pk": 6, "fields": {"product_name": "Power Steering Pump", "description": "ACDelco Professional Power Steering Pump", "category": 2, "stock_quantity": 25, "unit_price": "75.00", "cost_price": "60.00", "supplier": "Steering Solutions Inc.", "manufacturing_date": "2023-06-25", "expiration_date": null, "last_updated": "2023-09-20T00:00:00Z"}}, {"model": "inventory.product", "pk": 7, "fields": {"product_name": "Alternator", "description": "Denso Remanufactured Alternator", "category": 4, "stock_quantity": 20, "unit_price": "90.00", "cost_price": "70.00", "supplier": "Electric Auto Parts", "manufacturing_date": "2023-07-15", "expiration_date": null, "last_updated": "2023-09-20T00:00:00Z"}}, {"model": "inventory.product", "pk": 8, "fields": {"product_name": "Brake Rotors (Set of 2)", "description": "Brembo UV Coated Brake Rotors", "category": 3, "stock_quantity": 50, "unit_price": "60.00", "cost_price": "45.00", "supplier": "Brake Parts Direct", "manufacturing_date": "2023-08-03", "expiration_date": null, "last_updated": "2023-09-20T00:00:00Z"}}, {"model": "inventory.product", "pk": 9, "fields": {"product_name": "Oil Filter", "description": "Mobil 1 Extended Performance Oil Filter", "category": 10, "stock_quantity": 100, "unit_price": "10.00", "cost_price": "8.00", "supplier": "Oil Filters Inc.", "manufacturing_date": "2023-09-10", "expiration_date": null, "last_updated": "2023-09-20T00:00:00Z"}}, {"model": "inventory.product", "pk": 10, "fields": {"product_name": "Wiper Blades (Pair)", "description": "Rain-X Latitude Water Repellency Wiper Blades", "category": 9, "stock_quantity": 60, "unit_price": "25.00", "cost_price": "20.00", "supplier": "Auto Accessories World", "manufacturing_date": "2023-10-20", "expiration_date": null, "last_updated": "2023-09-20T00:00:00Z"}}, {"model": "inventory.product", "pk": 11, "fields": {"product_name": "Transmission Fluid", "description": "Valvoline MaxLife Multi-Vehicle Automatic Transmission Fluid", "category": 6, "stock_quantity": 80, "unit_price": "15.00", "cost_price": "12.00", "supplier": "Fluid Solutions Inc.", "manufacturing_date": "2023-11-05", "expiration_date": null, "last_updated": "2023-09-20T00:00:00Z"}}, {"model": "inventory.product", "pk": 12, "fields": {"product_name": "Tire Pressure Gauge", "description": "Accu-Gage Tire Pressure Gauge", "category": 7, "stock_quantity": 150, "unit_price": "8.00", "cost_price": "6.00", "supplier": "Tire Tools Store", "manufacturing_date": "2023-12-12", "expiration_date": null, "last_updated": "2023-09-20T00:00:00Z"}}, {"model": "inventory.product", "pk": 13, "fields": {"product_name": "Cabin Air Filter", "description": "FRAM Fresh Breeze Cabin Air Filter", "category": 8, "stock_quantity": 70, "unit_price": "12.00", "cost_price": "10.00", "supplier": "Air Filters Direct", "manufacturing_date": "2024-01-30", "expiration_date": null, "last_updated": "2023-09-20T00:00:00Z"}}, {"model": "inventory.product", "pk": 14, "fields": {"product_name": "Universal Socket Set", "description": "Craftsman 51-Piece Universal Socket Set", "category": 11, "stock_quantity": 35, "unit_price": "40.00", "cost_price": "35.00", "supplier": "Tool World", "manufacturing_date": "2024-02-18", "expiration_date": null, "last_updated": "2023-09-20T00:00:00Z"}}, {"model": "inventory.product", "pk": 15, "fields": {"product_name": "LED Work Light", "description": "Astro Pneumatic Tool LED Work Light", "category": 11, "stock_quantity": 25, "unit_price": "30.00", "cost_price": "25.00", "supplier": "Lighting Innovations", "manufacturing_date": "2024-03-05", "expiration_date": null, "last_updated": "2023-09-20T00:00:00Z"}}, {"model": "inventory.product", "pk": 16, "fields": {"product_name": "Car Jack Stand (Pair)", "description": "Pro-LifT Double Pin Jack Stands", "category": 11, "stock_quantity": 30, "unit_price": "20.00", "cost_price": "15.00", "supplier": "Jack Stand Co.", "manufacturing_date": "2024-04-10", "expiration_date": null, "last_updated": "2023-09-20T00:00:00Z"}}, {"model": "inventory.product", "pk": 17, "fields": {"product_name": "Safety Glasses", "description": "DEWALT Concealer Clear Anti-Fog Dual Mold Safety Goggles", "category": 12, "stock_quantity": 60, "unit_price": "12.00", "cost_price": "10.00", "supplier": "Safety Gear Supply", "manufacturing_date": "2024-05-22", "expiration_date": null, "last_updated": "2023-09-20T00:00:00Z"}}, {"model": "inventory.product", "pk": 18, "fields": {"product_name": "Car Wash Soap", "description": "Meguiar Gold Class Car Wash Soap", "category": 13, "stock_quantity": 40, "unit_price": "9.00", "cost_price": "7.00", "supplier": "Auto Detailing Supplies", "manufacturing_date": "2024-06-15", "expiration_date": null, "last_updated": "2023-09-20T00:00:00Z"}}, {"model": "inventory.product", "pk": 19, "fields": {"product_name": "Performance Air Filter", "description": "K&N Performance Air Filter", "category": 10, "stock_quantity": 45, "unit_price": "40.00", "cost_price": "35.00", "supplier": "Air Filters Direct", "manufacturing_date": "2024-07-02", "expiration_date": null, "last_updated": "2023-09-20T00:00:00Z"}}, {"model": "inventory.product", "pk": 20, "fields": {"product_name": "Radiator Hose Kit", "description": "Gates Racing Radiator Hose Kit", "category": 14, "stock_quantity": 30, "unit_price": "25.00", "cost_price": "20.00", "supplier": "Cooling Parts Express", "manufacturing_date": "2024-08-19", "expiration_date": null, "last_updated": "2023-09-20T00:00:00Z"}}, {"model": "inventory.product", "pk": 21, "fields": {"product_name": "Car Wash Mitt", "description": "Chemical Guys Chenille Microfiber Premium Car Wash Mitt", "category": 13, "stock_quantity": 55, "unit_price": "7.00", "cost_price": "5.00", "supplier": "Auto Detailing Supplies", "manufacturing_date": "2024-09-03", "expiration_date": null, "last_updated": "2023-09-20T00:00:00Z"}}, {"model": "inventory.product", "pk": 22, "fields": {"product_name": "Performance Exhaust System", "description": "MagnaFlow Performance Exhaust System", "category": 5, "stock_quantity": 15, "unit_price": "300.00", "cost_price": "250.00", "supplier": "Exhaust Pros", "manufacturing_date": "2024-10-14", "expiration_date": null, "last_updated": "2023-09-20T00:00:00Z"}}, {"model": "inventory.product", "pk": 23, "fields": {"product_name": "Oxygen Sensor", "description": "Denso Oxygen Sensor", "category": 4, "stock_quantity": 20, "unit_price": "35.00", "cost_price": "30.00", "supplier": "Auto Sensors Inc.", "manufacturing_date": "2024-11-25", "expiration_date": null, "last_updated": "2023-09-20T00:00:00Z"}}, {"model": "inventory.product", "pk": 24, "fields": {"product_name": "Car Wax", "description": "Turtle Wax Super Hard Shell Car Wax", "category": 13, "stock_quantity": 80, "unit_price": "6.00", "cost_price": "4.00", "supplier": "Auto Detailing Supplies", "manufacturing_date": "2024-12-01", "expiration_date": null, "last_updated": "2023-09-20T00:00:00Z"}}, {"model": "inventory.order", "pk": 1, "fields": {"order_date": "2023-01-15", "customer": 1, "order_status": "Processing", "total_amount": "250.00", "shipping_address": "123 Main St.", "payment_method": "Credit Card", "delivery_date": "2023-01-20"}}, {"model": "inventory.order", "pk": 2, "fields": {"order_date": "2023-01-20", "customer": 2, "order_status": "Shipped", "total_amount": "180.00", "shipping_address": "456 Elm St.", "payment_method": "PayPal", "delivery_date": "2023-01-25"}}, {"model": "inventory.order", "pk": 3, "fields": {"order_date": "2023-01-25", "customer": 3, "order_status": "Delivered", "total_amount": "300.00", "shipping_address": "789 Oak St.", "payment_method": "Credit Card", "delivery_date": "2023-01-30"}}, {"model": "inventory.order", "pk": 4, "fields": {"order_date": "2023-02-10", "customer": 4, "order_status": "Processing", "total_amount": "150.00", "shipping_address": "101 Pine St.", "payment_method": "PayPal", "delivery_date": "2023-02-15"}}, {"model": "inventory.order", "pk": 5, "fields": {"order_date": "2023-02-15", "customer": 5, "order_status": "Shipped", "total_amount": "280.00", "shipping_address": "202 Birch St.", "payment_method": "Credit Card", "delivery_date": "2023-02-20"}}, {"model": "inventory.order", "pk": 6, "fields": {"order_date": "2023-03-05", "customer": 6, "order_status": "Delivered", "total_amount": "200.00", "shipping_address": "303 Cedar St.", "payment_method": "PayPal", "delivery_date": "2023-03-10"}}, {"model": "inventory.order", "pk": 7, "fields": {"order_date": "2023-03-10", "customer": 7, "order_status": "Processing", "total_amount": "220.00", "shipping_address": "404 Maple St.", "payment_method": "Credit Card", "delivery_date": "2023-03-15"}}, {"model": "inventory.order", "pk": 8, "fields": {"order_date": "2023-03-20", "customer": 8, "order_status": "Shipped", "total_amount": "185.00", "shipping_address": "505 Walnut St.", "payment_method": "PayPal", "delivery_date": "2023-03-25"}}, {"model": "inventory.order", "pk": 9, "fields": {"order_date": "2023-04-02", "customer": 9, "order_status": "Delivered", "total_amount": "270.00", "shipping_address": "606 Chestnut St.", "payment_method": "Credit Card", "delivery_date": "2023-04-07"}}, {"model": "inventory.order", "pk": 10, "fields": {"order_date": "2023-04-07", "customer": 10, "order_status": "Processing", "total_amount": "210.00", "shipping_address": "707 Oakwood St.", "payment_method": "PayPal", "delivery_date": "2023-04-12"}}, {"model": "inventory.order", "pk": 11, "fields": {"order_date": "2023-04-15", "customer": 11, "order_status": "Shipped", "total_amount": "350.00", "shipping_address": "808 Redwood St.", "payment_method": "Credit Card", "delivery_date": "2023-04-20"}}, {"model": "inventory.order", "pk": 12, "fields": {"order_date": "2023-05-01", "customer": 12, "order_status": "Delivered", "total_amount": "180.00", "shipping_address": "909 Elmwood St.", "payment_method": "PayPal", "delivery_date": "2023-05-06"}}, {"model": "inventory.order", "pk": 13, "fields": {"order_date": "2023-05-06", "customer": 13, "order_status": "Processing", "total_amount": "290.00", "shipping_address": "1010 Birchwood St.", "payment_method": "Credit Card", "delivery_date": "2023-05-11"}}, {"model": "inventory.order", "pk": 14, "fields": {"order_date": "2023-05-20", "customer": 14, "order_status": "Shipped", "total_amount": "240.00", "shipping_address": "1111 Cedarwood St.", "payment_method": "PayPal", "delivery_date": "2023-05-25"}}, {"model": "inventory.order", "pk": 15, "fields": {"order_date": "2023-06-03", "customer": 15, "order_status": "Delivered", "total_amount": "200.00", "shipping_address": "1212 Maplewood St.", "payment_method": "Credit Card", "delivery_date": "2023-06-08"}}, {"model": "inventory.order", "pk": 16, "fields": {"order_date": "2023-06-08", "customer": 16, "order_status": "Processing", "total_amount": "310.00", "shipping_address": "1313 Oakwood St.", "payment_method": "PayPal", "delivery_date": "2023-06-13"}}, {"model": "inventory.order", "pk": 17, "fields": {"order_date": "2023-06-15", "customer": 17, "order_status": "Shipped", "total_amount": "280.00", "shipping_address": "1414 Redwood St.", "payment_method": "Credit Card", "delivery_date": "2023-06-20"}}, {"model": "inventory.order", "pk": 18, "fields": {"order_date": "2023-07-01", "customer": 18, "order_status": "Delivered", "total_amount": "380.00", "shipping_address": "1515 Elmwood St.", "payment_method": "PayPal", "delivery_date": "2023-07-06"}}, {"model": "inventory.order", "pk": 19, "fields": {"order_date": "2023-07-06", "customer": 19, "order_status": "Processing", "total_amount": "230.00", "shipping_address": "1616 Birchwood St.", "payment_method": "Credit Card", "delivery_date": "2023-07-11"}}, {"model": "inventory.order", "pk": 20, "fields": {"order_date": "2023-07-15", "customer": 20, "order_status": "Shipped", "total_amount": "220.00", "shipping_address": "1717 Cedarwood St.", "payment_method": "PayPal", "delivery_date": "2023-07-20"}}, {"model": "inventory.order", "pk": 21, "fields": {"order_date": "2023-01-15", "customer": 1, "order_status": "Processing", "total_amount": "250.00", "shipping_address": "123 Main St.", "payment_method": "Credit Card", "delivery_date": "2023-01-20"}}, {"model": "inventory.order", "pk": 22, "fields": {"order_date": "2023-01-20", "customer": 2, "order_status": "Shipped", "total_amount": "180.00", "shipping_address": "456 Elm St.", "payment_method": "PayPal", "delivery_date": "2023-01-25"}}, {"model": "inventory.order", "pk": 23, "fields": {"order_date": "2023-01-25", "customer": 3, "order_status": "Delivered", "total_amount": "300.00", "shipping_address": "789 Oak St.", "payment_method": "Credit Card", "delivery_date": "2023-01-30"}}, {"model": "inventory.order", "pk": 24, "fields": {"order_date": "2023-02-10", "customer": 4, "order_status": "Processing", "total_amount": "150.00", "shipping_address": "101 Pine St.", "payment_method": "PayPal", "delivery_date": "2023-02-15"}}, {"model": "inventory.order", "pk": 25, "fields": {"order_date": "2023-02-15", "customer": 5, "order_status": "Shipped", "total_amount": "280.00", "shipping_address": "202 Birch St.", "payment_method": "Credit Card", "delivery_date": "2023-02-20"}}, {"model": "inventory.order", "pk": 26, "fields": {"order_date": "2023-03-05", "customer": 6, "order_status": "Delivered", "total_amount": "200.00", "shipping_address": "303 Cedar St.", "payment_method": "PayPal", "delivery_date": "2023-03-10"}}, {"model": "inventory.order", "pk": 27, "fields": {"order_date": "2023-03-10", "customer": 7, "order_status": "Processing", "total_amount": "220.00", "shipping_address": "404 Maple St.", "payment_method": "Credit Card", "delivery_date": "2023-03-15"}}, {"model": "inventory.order", "pk": 28, "fields": {"order_date": "2023-03-20", "customer": 8, "order_status": "Shipped", "total_amount": "185.00", "shipping_address": "505 Walnut St.", "payment_method": "PayPal", "delivery_date": "2023-03-25"}}, {"model": "inventory.order", "pk": 29, "fields": {"order_date": "2023-04-02", "customer": 9, "order_status": "Delivered", "total_amount": "270.00", "shipping_address": "606 Chestnut St.", "payment_method": "Credit Card", "delivery_date": "2023-04-07"}}, {"model": "inventory.order", "pk": 30, "fields": {"order_date": "2023-04-07", "customer": 10, "order_status": "Processing", "total_amount": "210.00", "shipping_address": "707 Oakwood St.", "payment_method": "PayPal", "delivery_date": "2023-04-12"}}, {"model": "inventory.order", "pk": 31, "fields": {"order_date": "2023-04-15", "customer": 11, "order_status": "Shipped", "total_amount": "350.00", "shipping_address": "808 Redwood St.", "payment_method": "Credit Card", "delivery_date": "2023-04-20"}}, {"model": "inventory.order", "pk": 32, "fields": {"order_date": "2023-05-01", "customer": 12, "order_status": "Delivered", "total_amount": "180.00", "shipping_address": "909 Elmwood St.", "payment_method": "PayPal", "delivery_date": "2023-05-06"}}, {"model": "inventory.order", "pk": 33, "fields": {"order_date": "2023-05-06", "customer": 13, "order_status": "Processing", "total_amount": "290.00", "shipping_address": "1010 Birchwood St.", "payment_method": "Credit Card", "delivery_date": "2023-05-11"}}, {"model": "inventory.order", "pk": 34, "fields": {"order_date": "2023-05-20", "customer": 14, "order_status": "Shipped", "total_amount": "240.00", "shipping_address": "1111 Cedarwood St.", "payment_method": "PayPal", "delivery_date": "2023-05-25"}}, {"model": "inventory.order", "pk": 35, "fields": {"order_date": "2023-06-03", "customer": 15, "order_status": "Delivered", "total_amount": "200.00", "shipping_address": "1212 Maplewood St.", "payment_method": "Credit Card", "delivery_date": "2023-06-08"}}, {"model": "inventory.order", "pk": 36, "fields": {"order_date": "2023-06-08", "customer": 16, "order_status": "Processing", "total_amount": "310.00", "shipping_address": "1313 Oakwood St.", "payment_method": "PayPal", "delivery_date": "2023-06-13"}}, {"model": "inventory.order", "pk": 37, "fields": {"order_date": "2023-06-15", "customer": 17, "order_status": "Shipped", "total_amount": "280.00", "shipping_address": "1414 Redwood St.", "payment_method": "Credit Card", "delivery_date": "2023-06-20"}}, {"model": "inventory.order", "pk": 38, "fields": {"order_date": "2023-07-01", "customer": 18, "order_status": "Delivered", "total_amount": "380.00", "shipping_address": "1515 Elmwood St.", "payment_method": "PayPal", "delivery_date": "2023-07-06"}}, {"model": "inventory.order", "pk": 39, "fields": {"order_date": "2023-07-06", "customer": 19, "order_status": "Processing", "total_amount": "230.00", "shipping_address": "1616 Birchwood St.", "payment_method": "Credit Card", "delivery_date": "2023-07-11"}}, {"model": "inventory.order", "pk": 40, "fields": {"order_date": "2023-07-15", "customer": 20, "order_status": "Shipped", "total_amount": "220.00", "shipping_address": "1717 Cedarwood St.", "payment_method": "PayPal", "delivery_date": "2023-07-20"}}, {"model": "inventory.orderproduct", "pk": 1, "fields": {"order": 1, "product": 1, "quantity": 2, "price": "100.00"}}, {"model": "inventory.orderproduct", "pk": 2, "fields": {"order": 2, "product": 3, "quantity": 1, "price": "35.00"}}, {"model": "inventory.orderproduct", "pk": 3, "fields": {"order": 3, "product": 5, "quantity": 4, "price": "180.00"}}, {"model": "inventory.orderproduct", "pk": 4, "fields": {"order": 4, "product": 7, "quantity": 3, "price": "270.00"}}, {"model": "inventory.orderproduct", "pk": 5, "fields": {"order": 5, "product": 9, "quantity": 2, "price": "20.00"}}, {"model": "inventory.orderproduct", "pk": 6, "fields": {"order": 6, "product": 11, "quantity": 1, "price": "30.00"}}, {"model": "inventory.orderproduct", "pk": 7, "fields": {"order": 7, "product": 13, "quantity": 2, "price": "24.00"}}, {"model": "inventory.orderproduct", "pk": 8, "fields": {"order": 8, "product": 15, "quantity": 3, "price": "135.00"}}, {"model": "inventory.orderproduct", "pk": 9, "fields": {"order": 9, "product": 17, "quantity": 1, "price": "8.00"}}, {"model": "inventory.orderproduct", "pk": 10, "fields": {"order": 10, "product": 19, "quantity": 2, "price": "24.00"}}, {"model": "inventory.orderproduct", "pk": 11, "fields": {"order": 11, "product": 21, "quantity": 1, "price": "45.00"}}, {"model": "inventory.orderproduct", "pk": 12, "fields": {"order": 12, "product": 23, "quantity": 3, "price": "180.00"}}, {"model": "inventory.orderproduct", "pk": 13, "fields": {"order": 13, "product": 2, "quantity": 2, "price": "20.00"}}, {"model": "inventory.orderproduct", "pk": 14, "fields": {"order": 14, "product": 4, "quantity": 1, "price": "60.00"}}, {"model": "inventory.orderproduct", "pk": 15, "fields": {"order": 15, "product": 6, "quantity": 4, "price": "48.00"}}, {"model": "inventory.orderproduct", "pk": 16, "fields": {"order": 16, "product": 8, "quantity": 2, "price": "20.00"}}, {"model": "inventory.orderproduct", "pk": 17, "fields": {"order": 17, "product": 10, "quantity": 1, "price": "40.00"}}, {"model": "inventory.orderproduct", "pk": 18, "fields": {"order": 18, "product": 12, "quantity": 3, "price": "135.00"}}, {"model": "inventory.orderproduct", "pk": 19, "fields": {"order": 19, "product": 14, "quantity": 1, "price": "8.00"}}, {"model": "inventory.orderproduct", "pk": 20, "fields": {"order": 20, "product": 16, "quantity": 2, "price": "24.00"}}]